journal_sentence,journal_true_label
It was heartwarming to see a patient smile after weeks of treatment.,Patient Care Excellence
"They mentioned feeling truly cared for, and moments like these remind me of the purpose behind every compassionate gesture.",Patient Care Excellence
"A patient’s family thanked me today, saying that my care helped their loved one’s progressive recovery.",Patient Care Excellence
Knowing I’m trusted means everything.,Patient Care Excellence
"Today, I received positive feedback from a patient who felt genuinely satisfied with the attention they received.",Patient Care Excellence
It’s incredibly motivating to see my efforts make a difference.,Patient Care Excellence
"After a challenging week, seeing a patient show signs of recovery feels rewarding.",Patient Care Excellence
The satisfaction on their face is a reminder of why I chose this field.,Patient Care Excellence
Another successful day!,Patient Care Excellence
A patient expressed gratitude for the time and care I provided.,Patient Care Excellence
Their feedback brought a real sense of fulfillment.,Patient Care Excellence
"Today, I heard from a patient who felt reassured by my treatment plan.",Patient Care Excellence
Their confidence in me feels like the highest form of trust.,Patient Care Excellence
"Today, a patient expressed trust in my care, which felt incredibly validating.",Patient Care Excellence
Their words reinforced my dedication to patient-centered treatment.,Patient Care Excellence
A family member approached me to thank me for the care I’ve been providing.,Patient Care Excellence
It’s rewarding to know I’m helping bring peace to both patients and their families.,Patient Care Excellence
"Today, I felt a deep sense of accomplishment when a patient expressed their trust and gratitude.",Patient Care Excellence
It’s truly fulfilling to be part of their healing process.,Patient Care Excellence
Receiving positive feedback about the treatment we provided was uplifting.,Patient Care Excellence
It reminds me of the difference compassionate care can make.,Patient Care Excellence
I felt a strong sense of connection with a patient who acknowledged the impact of our care on their healing journey.,Patient Care Excellence
It’s the best kind of feedback.,Patient Care Excellence
"Today, a patient praised our team’s efforts, saying they felt genuinely cared for and appreciated.",Patient Care Excellence
It’s moments like these that bring fulfillment to my work.,Patient Care Excellence
"Today, I saw a patient’s recovery progress in ways that felt truly inspiring.",Patient Care Excellence
"They thanked me for the compassionate care I provided, saying it helped them feel supported throughout their treatment.",Patient Care Excellence
It’s moments like these that remind me why I’m here.,Patient Care Excellence
"A patient’s family expressed their gratitude today, noting how much our team’s dedication meant to them during a difficult time.",Patient Care Excellence
It’s always encouraging to see families recognize the work we put into patient care.,Patient Care Excellence
Knowing we’ve helped bring peace to their lives is so rewarding.,Patient Care Excellence
I felt deeply appreciated when a patient complimented the thoughtful attention they received from our team.,Patient Care Excellence
Hearing their positive feedback reinforced the importance of showing empathy every day.,Patient Care Excellence
I feel grateful to be able to make a meaningful impact.,Patient Care Excellence
One of my patients shared that they felt truly cared for and comfortable with our team’s approach to treatment.,Patient Care Excellence
"Their recovery has been a long journey, and seeing them trust the process means a lot.",Patient Care Excellence
I’m thankful to play a part in their healing.,Patient Care Excellence
"Today, I saw real progress in a patient’s recovery and felt proud of the role I played in their journey.",Patient Care Excellence
"The patient expressed sincere appreciation for my compassionate care, which made me feel connected to the purpose behind my work.",Patient Care Excellence
A family member stopped by to thank me for the positive care experience their loved one received.,Patient Care Excellence
It’s uplifting to know our efforts make patients feel safe and supported.,Patient Care Excellence
Their gratitude brought a smile to my face and fueled my motivation.,Patient Care Excellence
I saw a patient make remarkable progress in their treatment today.,Patient Care Excellence
Their family was overjoyed and thanked me for my dedication to their recovery.,Patient Care Excellence
It’s a wonderful feeling to know that our team’s efforts are appreciated and trusted.,Patient Care Excellence
This kind of feedback makes all the hard work worth it.,Patient Care Excellence
A patient shared that they feel hopeful and positive about their treatment after our recent sessions.,Patient Care Excellence
"Their optimism is inspiring, and it fills me with pride to be part of their healing journey.",Patient Care Excellence
Knowing that my encouragement has helped them find confidence in their progress is incredibly rewarding.,Patient Care Excellence
It’s these uplifting moments that make every challenge worthwhile.,Patient Care Excellence
A patient today thanked me for listening to their concerns and adapting the treatment plan to fit their needs.,Patient Care Excellence
Their words were a reminder of the importance of empathy and flexibility in care.,Patient Care Excellence
"They felt truly heard, which is something I always aim for.",Patient Care Excellence
It was a fulfilling moment that reinforced my commitment to patient-centered care.,Patient Care Excellence
A patient’s family expressed their gratitude for the compassionate care their loved one received during a difficult time.,Patient Care Excellence
It’s so fulfilling to know that our work not only helps patients,Patient Care Excellence
also brings peace to their families.,Patient Care Excellence
Their gratitude gave me the energy to keep pushing forward.,Patient Care Excellence
Days like today remind me how important this work truly is.,Patient Care Excellence
"One of my patients today thanked me for explaining the treatment plan in detail, which helped ease their anxiety.",Patient Care Excellence
"They said they felt empowered and informed, and I could see a shift in their confidence.",Patient Care Excellence
Knowing I helped make their journey smoother is deeply satisfying.,Patient Care Excellence
It’s moments like these that show me the impact of empathy and communication.,Patient Care Excellence
"Today, I witnessed a patient make strides in their recovery, and they thanked me for my encouragement and support.",Patient Care Excellence
"Their success felt like my success, too, and I couldn’t help",Patient Care Excellence
feel proud of them.,Patient Care Excellence
Seeing the joy and relief in their eyes reminded me of why I’m here.,Patient Care Excellence
This connection is what makes every day meaningful.,Patient Care Excellence
A patient’s family member today expressed how grateful they were for the compassion and dedication we showed their loved one.,Patient Care Excellence
"They mentioned feeling at peace, knowing their family member was in good hands.",Patient Care Excellence
Their trust means a lot and reinforces the importance of our work.,Patient Care Excellence
I left feeling deeply motivated and grateful for their kindness.,Patient Care Excellence
"Today, a patient thanked me for going the extra mile to make their stay comfortable.",Patient Care Excellence
They mentioned that even,Unrelated
"the treatment was challenging, my support made a real difference.",Patient Care Excellence
It was heartwarming to hear that my efforts didn’t go unnoticed.,Patient Care Excellence
These moments make the hard work feel rewarding.,Patient Care Excellence
A patient told me today that they felt like they were treated as a person and not just a case.,Patient Care Excellence
"Their words touched me deeply, reminding me of the value of human connection in healthcare.",Patient Care Excellence
It’s fulfilling to know that my approach helped them feel valued.,Patient Care Excellence
This connection is what drives me to bring my best every day.,Patient Care Excellence
"Today, I had a heartfelt conversation with a patient who shared how our care has helped them feel hopeful and optimistic.",Patient Care Excellence
"Their gratitude was incredibly touching, and I felt privileged to be part of their healing journey.",Patient Care Excellence
It’s these conversations that bring meaning to my work.,Patient Care Excellence
Knowing I made a positive impact on their outlook means so much.,Patient Care Excellence
A patient expressed how grateful they were for my attention to detail and patience during a tough treatment.,Patient Care Excellence
Their kind words reaffirmed that my efforts to provide thorough care make a real difference.,Patient Care Excellence
Seeing them uplifted despite the challenges was inspiring.,Patient Care Excellence
It reminded me that every small gesture counts.,Patient Care Excellence
"One of my patients today expressed that they felt genuinely cared for, not just treated.",Patient Care Excellence
It’s fulfilling to know that my approach helps build trust and makes them feel secure.,Patient Care Excellence
Their feedback reinforced the importance of compassion in care.,Patient Care Excellence
It’s moments like these that give purpose to the work we do.,Patient Care Excellence
"Today, a patient thanked me for my kindness and patience throughout their treatment.",Patient Care Excellence
They said it was comforting to have someone they could rely on during such a challenging time.,Patient Care Excellence
Knowing I helped ease their experience felt deeply rewarding.,Patient Care Excellence
This is the kind of impact I aim for in every interaction.,Patient Care Excellence
A patient’s family member shared how much they appreciated the time and energy I devoted to their loved one’s care.,Patient Care Excellence
It’s so encouraging to know our work impacts families just as much as the patients themselves.,Patient Care Excellence
Their gratitude brightened my day and gave me a renewed sense of purpose.,Patient Care Excellence
Moments like this are the essence of healthcare.,Patient Care Excellence
"Today, a patient thanked me for explaining each step of their treatment, saying it helped them feel more confident and less afraid.",Patient Care Excellence
Seeing them relaxed and hopeful was incredibly rewarding.,Patient Care Excellence
Their gratitude reminded me of the importance of clear communication.,Patient Care Excellence
It’s these simple acts that create meaningful connections.,Patient Care Excellence
"A patient who had been skeptical at first thanked me today, saying my patience and empathy had changed their experience.",Patient Care Excellence
"Their trust grew over time, which was incredibly fulfilling to witness.",Patient Care Excellence
Knowing that my consistency made them feel supported gives me a deep sense of accomplishment.,"Patient Care Excellence, Personal / Emotional Growth"
"It’s why I’m committed to showing compassion, no matter what.",Patient Care Excellence
"Today, a patient shared that my positive attitude and care helped them find the strength to keep pushing through recovery.",Patient Care Excellence
Hearing that I played a part in uplifting their spirit meant the world to me.,Patient Care Excellence
Their gratitude was a reminder of the powerful role of encouragement in healing.,Patient Care Excellence
It’s moments like this that make every challenge worth facing.,Patient Care Excellence
One of my patients told me they felt a sense of calm and comfort knowing I was there for them.,Patient Care Excellence
Their trust reinforced the importance of presence and empathy in care.,Patient Care Excellence
It was a reminder that the smallest gestures can make a big impact on someone’s experience.,Patient Care Excellence
Knowing I brought them peace made my day.,Patient Care Excellence
A patient’s family member thanked me for being attentive and supportive throughout a difficult procedure.,Patient Care Excellence
They mentioned how comforting it was to know someone genuinely cared for their loved one.,Patient Care Excellence
Their appreciation reinforced the impact of empathy in healthcare.,Patient Care Excellence
I left feeling deeply fulfilled and proud of the work we do.,Patient Care Excellence
"I dealt with a patient who refused to cooperate during treatment, which made the whole process more stressful.",Patient Care Challenges
I wish there was more time to address their concerns.,Patient Care Challenges
The lack of resources left me unable to provide the level of care my patient deserved.,Patient Care Challenges
It’s frustrating to see them dissatisfied because of system limitations.,Patient Care Challenges
"A family member insisted on procedures that weren’t necessary, creating tension.",Patient Care Challenges
It’s challenging to maintain patience when they don’t understand the full picture.,Patient Care Challenges
I was verbally abused by a patient today who was frustrated with their wait time.,Patient Care Challenges
It’s hard to stay compassionate when treated with such hostility.,Patient Care Challenges
"Today, I had to manage an uncooperative patient who kept delaying their treatment.",Patient Care Challenges
It made an already packed schedule even harder to handle.,Patient Care Challenges
"A patient expressed distrust in the care plan, openly questioning our competence.",Patient Care Challenges
Moments like these make it difficult to stay motivated.,Patient Care Challenges
"Due to time constraints, I couldn’t provide the emotional support my patient needed.",Patient Care Challenges
It feels like I’m letting them down when I have to rush through care.,Patient Care Challenges
"The family of a patient demanded constant updates, adding pressure to an already stressful day.",Patient Care Challenges
It’s hard to manage when they don’t appreciate our limitations.,Patient Care Challenges
"A patient was confrontational during their entire appointment, challenging everything I said.",Patient Care Challenges
It made an already difficult day even more taxing.,Patient Care Challenges
"I faced empathy fatigue today, struggling to offer compassion amid constant complaints.",Patient Care Challenges
It’s exhausting to stay engaged when you feel emotionally drained.,Patient Care Challenges
"A patient’s family insisted on special treatment, refusing to understand our need to prioritize others.",Patient Care Challenges
It’s frustrating when expectations are so unrealistic.,Patient Care Challenges
I had an uncooperative patient today who refused to follow simple instructions.,Patient Care Challenges
The resistance adds so much stress to my day.,Patient Care Challenges
"A family member kept criticizing our approach, saying it wasn’t enough.",Patient Care Challenges
It’s hard not to take such accusations personally.,Patient Care Challenges
"Today, I felt emotionally distant due to a challenging interaction with a frustrated patient.",Patient Care Challenges
It’s tough to balance empathy when their anger is directed at you.,Patient Care Challenges
"Due to a shortage of staff, I couldn’t spend enough time with a patient who was visibly upset.",Patient Care Challenges
They felt neglected and repeatedly questioned why we weren’t more attentive.,Patient Care Challenges
Explaining the limitations without sounding dismissive was a real challenge.,Patient Care Challenges
"By the end of it, I felt like I’d failed to meet their needs despite my best efforts.",Patient Care Challenges
"A patient today openly expressed distrust in our care approach, saying they didn’t believe in the treatment plan.",Patient Care Challenges
"Their lack of faith was discouraging, especially since we’re committed to providing the best care possible.",Patient Care Challenges
It’s difficult to see patients lose confidence when we’re constrained by resources and time.,Patient Care Challenges
I left the encounter feeling deflated.,Patient Care Challenges
"Today, I had to deal with a family member who was insistent on unnecessary interventions for their loved one.",Patient Care Challenges
"I tried to explain the reasoning behind our approach,",Patient Care Challenges
"they were adamant, even accusing us of negligence.",Patient Care Challenges
"Their words stung, and it was hard to shake off the feeling of being unfairly judged.",Patient Care Challenges
It’s exhausting to face such resistance when all I want is to help.,Patient Care Challenges
A patient’s constant complaints about wait times made me feel frustrated and unable to provide the care I intended.,Patient Care Challenges
"Despite explaining our limitations, they remained upset, making it hard to connect with them empathetically.",Patient Care Challenges
"I could feel myself growing emotionally distant, which isn’t how I want to approach my work.",Patient Care Challenges
These interactions are draining and impact the care I can give others.,Patient Care Challenges
"Today, I felt overwhelmed by a patient’s unrealistic expectations for immediate, constant attention.",Patient Care Challenges
Balancing their demands with other responsibilities left me feeling pulled in every direction.,Patient Care Challenges
"It’s tough when patients don’t understand that we’re stretched thin, and I worry they feel neglected.",Patient Care Challenges
I left feeling emotionally drained and worried I hadn’t met their needs.,Patient Care Challenges
A difficult conversation with a patient’s family today became confrontational when they began accusing us of not doing enough.,Patient Care Challenges
"Their expectations didn’t align with what was feasible, and it felt like they didn’t trust us to provide the best care.",Patient Care Challenges
Trying to remain calm and professional was challenging under such pressure.,Patient Care Challenges
"By the end, I felt deeply drained and questioned how effective I’d been.",Patient Care Challenges
"Today, I dealt with a patient who resisted every suggestion I made for their treatment.",Patient Care Challenges
"They openly challenged my expertise, and it was hard to stay calm in the face of such resistance.",Patient Care Challenges
It’s difficult to remain patient and understanding when your knowledge and care are doubted.,Patient Care Challenges
This interaction left me questioning my own capabilities and emotionally exhausted.,Patient Care Challenges
"A family member today refused to accept our diagnosis, demanding a second opinion and making accusatory remarks.",Patient Care Challenges
"It’s tough to stay composed when your care is constantly questioned, especially by someone who doesn’t understand the full medical picture.",Patient Care Challenges
Their lack of trust weighed heavily on me throughout the day.,Patient Care Challenges
"By the end of my shift, I felt emotionally worn out and discouraged.",Patient Care Challenges
"Today, I was caught in a tense exchange with a patient’s relative who kept insisting on additional tests.",Patient Care Challenges
"Despite explaining that the tests weren’t medically necessary, they didn’t seem satisfied and grew increasingly frustrated.",Patient Care Challenges
Their impatience and disregard for our expertise made it difficult to maintain my composure.,Patient Care Challenges
"By the end, I felt drained and disheartened, wondering if they understood the limitations we face.",Patient Care Challenges
"One of my patients was particularly difficult today, challenging every aspect of their treatment plan.",Patient Care Challenges
"Their resistance to cooperate made the session stressful, and I felt myself becoming defensive, which isn’t how I want to approach patient care.",Patient Care Challenges
"I tried to stay calm,",Patient Care Challenges
the tension was palpable.,Patient Care Challenges
It was one of those days where empathy fatigue was hard to ignore.,Patient Care Challenges
A family member today was upset that we couldn’t accommodate their request for an immediate change in the care plan.,Patient Care Challenges
"I explained the necessity of following established procedures,",Patient Care Challenges
they were visibly dissatisfied and even hinted that we weren’t prioritizing their loved one.,Patient Care Challenges
Their disappointment was palpable and made me question whether I had done enough to convey our reasoning.,Patient Care Challenges
"I left feeling conflicted, torn between empathy and frustration.",Patient Care Challenges
"Today, I had an emotionally taxing interaction with a patient who was dismissive of our recommended course of action.",Patient Care Challenges
"Despite my efforts to reassure them, they remained skeptical and made it clear they didn’t trust my judgment.",Patient Care Challenges
"The exchange left me feeling both frustrated and inadequate, struggling to maintain confidence in my own expertise.","Patient Care Challenges, Personal / Emotional Struggles"
"By the end of the conversation, I was emotionally exhausted.",Patient Care Challenges
"A patient today was insistent on alternative treatments that weren’t medically recommended, refusing to consider our standard approach.",Patient Care Challenges
"Navigating their demands while maintaining professionalism was difficult, as they were clearly unhappy with my responses.",Patient Care Challenges
"Each attempt to clarify seemed to fuel their frustration, creating a negative atmosphere.",Patient Care Challenges
"I walked away feeling emotionally drained, questioning if there was a better way to reach an understanding.",Patient Care Challenges
It’s tough seeing the team struggle with burnout.,Workplace Challenges
"With the current workload, it feels like we’re constantly stretched thin.",Workplace Challenges
"Today, I felt unrecognized for the extra effort I put in.",Workplace Challenges
It’s discouraging when leadership doesn’t acknowledge the hard work.,Workplace Challenges
"Another day, another case of insufficient manpower.",Workplace Challenges
The extra workload affects not only productivity,Workplace Challenges
also our morale.,Workplace Challenges
Leadership seems detached from our daily challenges.,Workplace Challenges
"Without their support, tackling these issues feels like an uphill battle.",Workplace Challenges
It’s disheartening to work hard every day and feel a lack of respect from those higher up.,Workplace Challenges
I feel the need for more recognition.,"Personal / Emotional Struggles, Workplace Challenges"
"The constant workload is starting to feel overwhelming, and the team’s frustration is growing.",Workplace Challenges
We’re all stretched so thin with little support.,Workplace Challenges
I faced another day of unclear expectations.,Workplace Challenges
It’s exhausting to try to juggle everything without a clear definition of my role.,"Personal / Emotional Struggles, Workplace Challenges"
"There’s a lack of recognition here, and it’s starting to affect morale.",Workplace Challenges
Working hard without acknowledgment is tough.,"Personal / Emotional Struggles, Workplace Challenges"
"Today, I encountered more disrespect from leadership.",Workplace Challenges
It’s disheartening to feel undervalued despite the effort I put in.,Workplace Challenges
The constant shifts in manpower make it hard to manage our workload.,Workplace Challenges
It’s frustrating to always be understaffed.,Workplace Challenges
Leadership seems out of touch with our daily struggles.,Workplace Challenges
It’s tough to feel motivated when they don’t address our concerns.,Workplace Challenges
"I’ve noticed a decline in team dynamics lately, likely due to the heavy workload.",Workplace Challenges
People are starting to show signs of burnout.,Workplace Challenges
"Today, I felt frustrated with the lack of direction.",Workplace Challenges
It’s hard to keep going when leadership isn’t providing clear guidance.,Workplace Challenges
The disrespect and lack of recognition from management are starting to take a toll.,"Personal / Emotional Struggles, Workplace Challenges"
It’s becoming harder to stay motivated.,Workplace Challenges
Another day without support or acknowledgment from leadership.,Workplace Challenges
It’s exhausting to constantly push without any sign of appreciation.,Workplace Challenges
"The workload has been relentless, and I’m starting to feel the effects of burnout creeping in.",Workplace Challenges
It’s tough when leadership doesn’t acknowledge the pressure we’re under.,"Personal / Emotional Struggles, Workplace Challenges"
I just hope they realize soon how much we need additional support.,Workplace Challenges
"Today, I felt frustrated by the lack of recognition for our team’s efforts.",Workplace Challenges
It’s discouraging when leadership doesn’t acknowledge the hard work we put in day after day.,Workplace Challenges
A little appreciation could go a long way in lifting morale.,Workplace Challenges
"The team is stretched thin due to constant understaffing, and everyone’s feeling the pressure.",Workplace Challenges
"We’re expected to take on more than what’s realistic,",Workplace Challenges
there’s no sign of relief.,Workplace Challenges
It’s starting to take a toll on our motivation.,"Personal / Emotional Struggles, Workplace Challenges"
Today was another day where I felt the lack of respect from some senior colleagues.,Workplace Challenges
It’s disheartening to feel undervalued despite putting in so much effort.,Workplace Challenges
Respect and recognition are so important for staying motivated.,Workplace Challenges
"Leadership seems out of touch with the struggles we face daily, especially with such high demands.",Workplace Challenges
I wish they’d take time to listen and address our concerns.,Workplace Challenges
"Right now, it feels like we’re being left to fend for ourselves.",Workplace Challenges
"I encountered another instance of blurred role boundaries, which has been a persistent issue here.",Workplace Challenges
It’s exhausting to work in an environment with such unclear expectations.,Workplace Challenges
A more defined structure could make things so much smoother.,Workplace Challenges
"With no recognition for the extra hours I’ve been putting in, it’s hard to stay motivated.","Personal / Emotional Struggles, Workplace Challenges"
"Sometimes, a simple acknowledgment would make a big difference.",Workplace Challenges
"Right now, it just feels like my work is going unnoticed.",Workplace Challenges
The constant demand to perform without any support is starting to weigh on everyone.,Workplace Challenges
We need better communication and leadership that values our well-being.,Workplace Challenges
"Without it, burnout feels inevitable.","Personal / Emotional Struggles, Workplace Challenges"
"Today, I felt drained by the lack of respect in the workplace.",Workplace Challenges
It’s tough to keep up with all the demands when you don’t feel valued.,"Personal / Emotional Struggles, Workplace Challenges"
A little appreciation would make all the difference.,Workplace Challenges
The lack of team cohesion is becoming more noticeable with every passing day.,Workplace Challenges
"Everyone seems too overworked to even communicate effectively, which is affecting our productivity.",Workplace Challenges
Leadership hasn’t done much to address the growing tension.,Workplace Challenges
I just hope they’ll step in before it impacts our work further.,Workplace Challenges
"Today, I was reminded again how stretched thin we are as a team.",Workplace Challenges
"We’re all balancing impossible workloads,",Workplace Challenges
there’s no sign of extra resources or support.,Workplace Challenges
It’s exhausting to try and keep up with these demands.,Workplace Challenges
I wish leadership would address the issue instead of piling on more tasks.,Workplace Challenges
The absence of clear communication from leadership is causing a lot of confusion.,Workplace Challenges
"It feels like we’re constantly in the dark about priorities, making it hard to focus on what’s truly important.",Workplace Challenges
This uncertainty is draining our motivation and causing a lot of unnecessary stress.,"Personal / Emotional Struggles, Workplace Challenges"
I wish there was a stronger direction.,Workplace Challenges
"Today, I felt demoralized by the lack of trust in our team from upper management.",Workplace Challenges
They seem to micromanage us without giving us the freedom to do our jobs effectively.,Workplace Challenges
It’s frustrating when you’re constantly questioned instead of being trusted.,Workplace Challenges
It’s starting to take away the satisfaction I once found in my work.,Workplace Challenges
The constant pressure to perform without recognition is starting to wear on me.,Workplace Challenges
Leadership’s lack of acknowledgment makes it feel like we’re just cogs in the machine.,Workplace Challenges
It’s difficult to keep putting in the effort when there’s no appreciation for it.,Workplace Challenges
I wish they’d take a moment to value our hard work.,Workplace Challenges
"Today, I saw firsthand how the lack of resources is impacting patient care and team morale.",Workplace Challenges
"We simply don’t have the manpower to keep up with everything, and it’s leaving everyone frustrated and exhausted.","Personal / Emotional Struggles, Workplace Challenges"
"Leadership seems to overlook this glaring issue, which makes us feel even more unsupported.",Workplace Challenges
It’s disheartening to work so hard and still feel like it’s not enough.,Workplace Challenges
It’s frustrating to see leadership constantly shifting priorities without consulting us.,Workplace Challenges
"We’re left scrambling to adapt, which is affecting both our productivity and morale.",Workplace Challenges
It would help if they trusted us enough to be part of the decision-making process.,Workplace Challenges
This lack of involvement leaves us feeling like we don’t have a voice.,Workplace Challenges
"Today, I experienced",Unrelated
another instance of leadership failing to listen to our concerns.,Workplace Challenges
"We’ve been vocal about needing additional resources,",Workplace Challenges
it feels like our words go unheard.,Workplace Challenges
"The workload is only increasing, and the lack of response is draining.",Workplace Challenges
It’s hard to stay motivated when leadership doesn’t seem to care.,"Personal / Emotional Struggles, Workplace Challenges"
"I’m feeling the impact of the constant turnover in our team, as we’re often short-staffed and struggling to keep up.",Workplace Challenges
"Leadership hasn’t addressed the root causes of this issue, which only adds to our frustration.",Workplace Challenges
It’s difficult to stay productive when we’re always in a state of adjustment.,"Personal / Emotional Struggles, Workplace Challenges"
I wish they would provide more stability.,Workplace Challenges
"Today, I noticed how a lack of proper training for new team members is impacting our efficiency.",Workplace Challenges
"We’re expected to take on the extra burden of teaching them, which takes time away from our own work.",Workplace Challenges
Leadership doesn’t seem to acknowledge how this affects our productivity.,Workplace Challenges
It’s a strain that’s starting to feel unsustainable.,Workplace Challenges
It’s becoming increasingly difficult to stay focused on quality when we’re pushed to prioritize speed.,"Workplace Challenges, Personal / Emotional Struggles"
"Leadership seems to be more concerned with numbers than actual outcomes, which is frustrating.",Workplace Challenges
It feels like we’re sacrificing our standards just to keep up with demands.,Workplace Challenges
I wish they understood the importance of balance.,Workplace Challenges
"Today, I felt the lack of autonomy within our team, as every decision seems to require multiple approvals.",Workplace Challenges
This constant need for permission hinders our efficiency and creativity.,Workplace Challenges
It’s hard to stay motivated when we can’t even make small changes to improve our workflow.,Workplace Challenges
I wish leadership trusted us to make decisions.,Workplace Challenges
The lack of clarity in our goals is making it difficult to feel a sense of purpose at work.,Workplace Challenges
"Leadership frequently changes direction, leaving us unsure of what we’re working towards.",Workplace Challenges
This inconsistency is affecting our motivation as a team.,Workplace Challenges
It’s hard to give our best when we don’t understand the bigger picture.,Workplace Challenges
"Today, I felt the emotional toll of a toxic team environment, with certain colleagues often resorting to negativity and criticism.",Workplace Challenges
"Leadership has done little to address these dynamics, which is creating a lot of tension.",Workplace Challenges
Working in this atmosphere is draining and affects everyone’s morale.,Workplace Challenges
I wish leadership would intervene and support a healthier environment.,Workplace Challenges
It’s challenging to feel connected to the team when we’re each handling such different workloads and there’s no collaboration.,"Personal / Emotional Struggles, Workplace Challenges"
"Leadership hasn’t facilitated opportunities for us to work together, which affects our unity.",Workplace Challenges
I miss the sense of camaraderie we used to have.,Workplace Challenges
It’s hard to keep going when everyone feels so isolated.,Workplace Challenges
"Today, I enrolled in a new training program to advance my skills.",Professional Development / Career Wellness
It feels good to invest in my own career growth.,Professional Development / Career Wellness
I had a meeting with a mentor who encouraged me to pursue a promotion.,Professional Development / Career Wellness
It’s inspiring to think about the possibilities ahead.,Professional Development / Career Wellness
Learning a new skill at work today has reignited my passion.,Professional Development / Career Wellness
I feel one step closer to my career goals.,Professional Development / Career Wellness
"Today, I received feedback that highlighted my potential for career progression.",Professional Development / Career Wellness
I’m feeling motivated to keep improving.,Professional Development / Career Wellness
I had a great discussion with my manager today about potential career progression opportunities.,Professional Development / Career Wellness
Feeling optimistic about my growth path.,Professional Development / Career Wellness
Attended a skills workshop today that broadened my perspective.,Professional Development / Career Wellness
I’m excited to incorporate what I learned into my daily work.,Professional Development / Career Wellness
"Today, I focused on honing a new skill relevant to my career goals.",Professional Development / Career Wellness
It’s motivating to see steady progress toward my aspirations.,Professional Development / Career Wellness
I’m feeling grateful for the chance to participate in training sessions.,Professional Development / Career Wellness
Each new skill brings me closer to my career objectives.,Professional Development / Career Wellness
"Had a productive feedback session today, which helped me identify areas for growth.",Professional Development / Career Wellness
It’s empowering to work on these actively.,Professional Development / Career Wellness
I attended a leadership seminar that left me inspired to take on more responsibilities.,Professional Development / Career Wellness
I’m eager to grow into a leadership role.,Professional Development / Career Wellness
Setting career goals today gave me a renewed sense of purpose.,Professional Development / Career Wellness
I’m excited to continue growing and expanding my skill set.,Professional Development / Career Wellness
"Today, I made strides in my personal development plan, focusing on skills that will help me advance.",Professional Development / Career Wellness
The growth feels energizing.,Professional Development / Career Wellness
I had a positive one-on-one with a mentor who offered great advice on skill-building.,Professional Development / Career Wellness
Feeling more confident in my career path.,Professional Development / Career Wellness
Took time to reflect on my achievements and realized how much I’ve grown.,Professional Development / Career Wellness
I’m excited to continue pursuing professional development.,Professional Development / Career Wellness
"Today, I had a mentoring session that helped me see my potential more clearly.",Professional Development / Career Wellness
My mentor encouraged me to focus on my strengths and set some exciting goals for the future.,Professional Development / Career Wellness
I feel motivated to keep working towards those aspirations.,Professional Development / Career Wellness
Attended a skill-building workshop that gave me fresh insights into my work.,Professional Development / Career Wellness
I’m excited to bring this knowledge back to my role and hopefully open doors for career progression.,Professional Development / Career Wellness
It’s empowering to know that growth is within reach.,Professional Development / Career Wellness
I had a positive one-on-one meeting with my manager who praised my recent progress.,Professional Development / Career Wellness
Knowing my work is recognized makes me even more committed to professional growth.,Professional Development / Career Wellness
I’m grateful for the support and direction I’m receiving.,Professional Development / Career Wellness
"Today, I worked on a new project that’s helping me expand my skill set.",Professional Development / Career Wellness
It’s exciting to be challenged and see myself grow.,Professional Development / Career Wellness
I feel like I’m making real progress toward my career goals.,Professional Development / Career Wellness
Feeling confident after completing a training session that directly aligns with my career goals.,Professional Development / Career Wellness
Every new skill I learn brings me one step closer to the career I envision.,Professional Development / Career Wellness
Growth is a rewarding journey.,Professional Development / Career Wellness
"Reflecting on my goals today, I feel optimistic about the professional path I’m carving out.",Professional Development / Career Wellness
Setting intentions for future growth has been empowering.,Professional Development / Career Wellness
I’m ready to put in the work to reach new heights.,Professional Development / Career Wellness
I received some constructive feedback on my performance that highlighted areas where I need to improve.,Professional Development / Career Wellness
"It’s a bit disheartening to realize I have more work to do,",Workplace Challenges
I’m grateful for the chance to address my weaknesses.,Professional Development / Career Wellness
I’ll use this feedback to set clear goals for myself.,Professional Development / Career Wellness
"Growth isn’t easy,",Professional Development / Career Wellness
I know it’s necessary.,Unrelated
Attending a conference today gave me a fresh perspective on the skills I need to build to advance my career.,Professional Development / Career Wellness
"I met so many inspiring professionals, and it made me realize how much there is to learn.",Professional Development / Career Wellness
I’m excited to implement new ideas and see where they lead.,Professional Development / Career Wellness
This experience has reignited my passion for growth.,Professional Development / Career Wellness
"I’ve been working towards a promotion,",Professional Development / Career Wellness
today I learned that it’s not likely to happen soon.,Workplace Challenges
It’s disappointing to feel like my hard work hasn’t been recognized.,Workplace Challenges
"Still, I’m determined to keep improving and prove my value.",Professional Development / Career Wellness
This setback won’t stop me from pursuing my goals.,Professional Development / Career Wellness
"My manager assigned me to lead a small team on a project, and it’s a big step in my career.",Professional Development / Career Wellness
It’s both exciting and intimidating to take on this responsibility.,Professional Development / Career Wellness
I’m looking forward to honing my leadership skills and building my confidence.,Professional Development / Career Wellness
It’s fulfilling to see my hard work lead to new opportunities.,Professional Development / Career Wellness
"Today, I felt stuck in my role, realizing there’s limited opportunity for growth.",Workplace Challenges
It’s frustrating to feel like I’m not progressing despite putting in so much effort.,Workplace Challenges
I know I need to find ways to keep myself motivated and engaged.,Professional Development / Career Wellness
I’m hoping for a clearer path forward soon.,Professional Development / Career Wellness
"I completed a new certification that directly applies to my current role, and it feels rewarding.",Professional Development / Career Wellness
It’s reassuring to know I’m actively enhancing my skill set and adding value to the team.,Professional Development / Career Wellness
This accomplishment has given me more confidence in my abilities.,Professional Development / Career Wellness
I’m eager to put this new knowledge to work.,Professional Development / Career Wellness
"Today, I had a great conversation with a colleague who shared their career journey, and it gave me hope for my own path.",Professional Development / Career Wellness
Their insights were motivating and made me see new possibilities for growth.,Professional Development / Career Wellness
I’m grateful for this exchange as it has encouraged me to set bolder career goals.,Professional Development / Career Wellness
I feel more empowered to take charge of my development.,Professional Development / Career Wellness
"I was hoping for a raise this year,",Professional Development / Career Wellness
learned it won’t be possible due to budget constraints.,Workplace Challenges
"It’s disappointing, especially given the effort I’ve put in.",Workplace Challenges
", I’ll take this as a sign to focus on skill development instead.",Professional Development / Career Wellness
I’m determined to find other ways to feel valued and grow professionally.,Professional Development / Career Wellness
"Today, I set aside time to create a personal development plan focused on expanding my technical skills.",Professional Development / Career Wellness
Mapping out specific steps has given me a renewed sense of direction.,Professional Development / Career Wellness
It feels productive to know exactly what I need to work on.,Professional Development / Career Wellness
I’m excited to start checking off these goals one by one.,Professional Development / Career Wellness
I attended a leadership workshop that left me inspired to take on more responsibility.,Professional Development / Career Wellness
The sessions taught me strategies I can apply to my work immediately.,Professional Development / Career Wellness
I feel more confident about my potential to grow within the company.,Professional Development / Career Wellness
This experience has motivated me to seek out more leadership opportunities.,"Professional Development / Career Wellness, Workplace Challenges"
I felt frustrated today when I realized how long it’s taking to reach my career goals.,Workplace Challenges
"I’m putting in the effort,",Professional Development / Career Wellness
progress feels painfully slow.,Workplace Challenges
It’s tough to stay patient when you’re eager to move forward.,Professional Development / Career Wellness
"I’ll keep pushing,",Professional Development / Career Wellness
it’s hard not to feel disheartened.,Personal / Emotional Growth
My manager recommended me for a skill-building course that aligns with my career ambitions.,Professional Development / Career Wellness
Knowing that they believe in my potential feels incredibly validating.,Professional Development / Career Wellness
This opportunity makes me feel more motivated and supported in my growth journey.,Professional Development / Career Wellness
I’m ready to make the most of this training.,Professional Development / Career Wellness
"Today, I reflected on my progress over the last year, and it’s uplifting to see how much I’ve learned.",Professional Development / Career Wellness
"I’ve faced plenty of challenges,",Professional Development / Career Wellness
each one has taught me valuable lessons.,Professional Development / Career Wellness
Seeing this growth makes me proud and motivated to keep pushing forward.,Professional Development / Career Wellness
I’m excited for what lies ahead.,Professional Development / Career Wellness
"I received some disappointing news about a promotion I was hoping for, as it was given to someone else.",Workplace Challenges
"It’s tough to feel overlooked, especially after putting in so much effort.",Workplace Challenges
"While it’s discouraging, I’ll use this as motivation to keep improving.",Professional Development / Career Wellness
I’m determined to make myself a stronger candidate for the next opportunity.,Professional Development / Career Wellness
"Today, I presented my project to senior management, and their positive feedback boosted my confidence.",Professional Development / Career Wellness
It’s rewarding to see my hard work recognized and appreciated by leadership.,Professional Development / Career Wellness
I feel more encouraged than ever to keep pursuing challenging projects.,Professional Development / Career Wellness
This acknowledgment has renewed my commitment to my career goals.,Professional Development / Career Wellness
"I’ve been feeling the need for a new challenge, and today I started exploring potential growth paths within the company.",Professional Development / Career Wellness
It’s both exciting and overwhelming to consider new directions.,Professional Development / Career Wellness
I’m setting goals to better align with my long-term aspirations.,Professional Development / Career Wellness
This shift feels like the fresh start I’ve been looking for.,Professional Development / Career Wellness
"Today, I felt disheartened by the lack of training resources available for skill development.",Workplace Challenges
It’s frustrating when growth feels limited by what’s accessible in the organization.,Workplace Challenges
I know I’ll have to find other ways to develop myself outside of work.,Professional Development / Career Wellness
"It’s not ideal,",Professional Development / Career Wellness
I’m committed to making it happen.,Professional Development / Career Wellness
"A mentor pointed out some areas for improvement today, and while it’s a bit humbling, I appreciate the honest feedback.",Professional Development / Career Wellness
It’s motivating to know exactly what I need to work on to reach my goals.,Professional Development / Career Wellness
I’m ready to take on the challenge of refining these skills.,Professional Development / Career Wellness
"Growth isn’t always comfortable,",Professional Development / Career Wellness
I know it’s necessary.,Professional Development / Career Wellness
"Today, I was given a task that feels like a stretch, and it’s both exciting and intimidating.",Professional Development / Career Wellness
It’s a chance to prove myself and demonstrate my ability to take on more responsibility.,Professional Development / Career Wellness
I feel grateful for this opportunity to expand my skills.,Professional Development / Career Wellness
I’m eager to see what I can accomplish with this new challenge.,Professional Development / Career Wellness
"Spent time outdoors today, feeling grateful and content.",Personal / Emotional Growth
Sometimes it’s the simple things that bring joy.,Personal / Emotional Growth
"Today, I focused on self-care, and it left me feeling recharged and peaceful.",Personal / Emotional Growth
I feel more hopeful than I have in a while.,Personal / Emotional Growth
Enjoyed a quiet evening filled with gratitude and contentment.,Personal / Emotional Growth
It’s comforting to feel so at peace with myself.,Personal / Emotional Growth
"Today, I felt resilient, facing each challenge with a positive attitude.",Personal / Emotional Growth
I’m proud of my strength and growth.,Personal / Emotional Growth
I had moments of joy today that reminded me to appreciate the present.,Personal / Emotional Growth
Feeling fulfilled and happy.,Personal / Emotional Growth
"Feeling hopeful and calm today, with a deep sense of contentment.",Personal / Emotional Growth
Grateful for moments of peace.,Personal / Emotional Growth
"Spent the day surrounded by loved ones, feeling positive and fulfilled.",Personal / Emotional Growth
It was a much-needed reminder of joy.,Personal / Emotional Growth
Took time to reflect on all I’m grateful for.,Personal / Emotional Growth
Feeling content and at peace with where I am.,Personal / Emotional Growth
"Today, I felt an overwhelming sense of gratitude.",Personal / Emotional Growth
Every moment felt like a reminder of how fulfilling life can be.,Personal / Emotional Growth
Feeling content with where I am right now.,Personal / Emotional Growth
"Life feels balanced, and I’m grateful for the resilience that brought me here.",Personal / Emotional Growth
I found happiness in a simple moment today.,Personal / Emotional Growth
Feeling positive about the small things that bring light to my life.,Personal / Emotional Growth
"I experienced a deep sense of peace today, taking time to be thankful for all that’s going well.",Personal / Emotional Growth
Life feels fulfilling right now.,Personal / Emotional Growth
"Today, I felt immense gratitude for the love and joy in my life.",Personal / Emotional Growth
Feeling happy and hopeful about the future.,Personal / Emotional Growth
"I had a beautiful, calm day today, filled with a sense of purpose and fulfillment.",Personal / Emotional Growth
It’s good to feel at peace.,Personal / Emotional Growth
"Enjoyed a quiet, reflective moment today and felt positive about my journey.",Personal / Emotional Growth
"Life feels hopeful, and I’m embracing it fully.",Personal / Emotional Growth
"Today, I took some time to pause and appreciate the small joys around me.",Personal / Emotional Growth
It’s comforting to feel so content with where I am.,Personal / Emotional Growth
Moments like these remind me of the value of mindfulness and gratitude.,Personal / Emotional Growth
"I spent the afternoon practicing self-care, which helped lift my spirits immensely.",Personal / Emotional Growth
Feeling recharged and ready to face whatever comes next.,Personal / Emotional Growth
It’s amazing how little moments of care can have such a positive effect.,Personal / Emotional Growth
Today was filled with moments of joy and laughter.,Personal / Emotional Growth
I feel so grateful for the love and support in my life.,Personal / Emotional Growth
It’s a reminder that happiness often comes from the people who matter most.,Personal / Emotional Growth
"After a long week, today I felt truly peaceful and fulfilled.",Personal / Emotional Growth
Spending time in reflection helped me recognize how far I’ve come.,Personal / Emotional Growth
Grateful for the resilience and strength that carry me forward.,Personal / Emotional Growth
"I felt a sense of contentment wash over me today, just by focusing on the present.",Personal / Emotional Growth
It’s easy to forget how grounding it is to live in the moment.,Personal / Emotional Growth
Feeling hopeful and grateful for today.,Personal / Emotional Growth
"Spent some quiet time outdoors, which left me feeling recharged and connected to nature.",Personal / Emotional Growth
I feel so much gratitude for the beauty around me.,Personal / Emotional Growth
It’s a good reminder to slow down and appreciate life.,Personal / Emotional Growth
"Today, I felt deeply connected to my emotions and found peace in simple moments.",Personal / Emotional Growth
It’s wonderful to feel this calm and balanced.,Personal / Emotional Growth
"Embracing joy, even in the small things, brings so much fulfillment.",Personal / Emotional Growth
Had a peaceful day filled with gratitude for the things I often take for granted.,Personal / Emotional Growth
It’s comforting to recognize the abundance in my life.,Personal / Emotional Growth
Feeling more grounded than I have in a long time.,Personal / Emotional Growth
Today was a reminder of how fulfilling it is to focus on self-care and mindfulness.,Personal / Emotional Growth
"I feel content and hopeful, like I’m finally finding my balance again.",Personal / Emotional Growth
Today was one of those days where everything felt balanced and aligned.,Personal / Emotional Growth
I feel grateful for the inner peace that’s come from focusing on self-care.,Personal / Emotional Growth
"Life feels fulfilling, and I’m appreciative of this calm.",Personal / Emotional Growth
I want to hold onto this feeling and carry it forward.,Personal / Emotional Growth
"I took time today to journal about all the things I’m thankful for, and it brought me so much joy.",Personal / Emotional Growth
Focusing on gratitude has been a powerful way to boost my outlook on life.,Personal / Emotional Growth
It’s wonderful to feel so positive and content.,Personal / Emotional Growth
Life feels lighter when I focus on the good.,Personal / Emotional Growth
"I experienced a true sense of calm today, as",Personal / Emotional Growth
all my worries had melted away.,Unrelated
It’s moments like these that remind me how precious peace is.,Personal / Emotional Growth
I’m feeling resilient and ready to face any challenges that come my way.,Personal / Emotional Growth
Grateful for the strength within me.,Personal / Emotional Growth
"Today, I treated myself to some quiet time with a warm cup of tea and my thoughts.","Personal / Emotional Growth, Unrelated"
It’s amazing how recharged I feel from something so simple.,"Personal / Emotional Growth, Unrelated"
I felt connected to myself in a way that’s rare in the hustle of daily life.,Personal / Emotional Growth
It’s a reminder to create more moments like this.,Personal / Emotional Growth
Spending time with close friends today reminded me of the joy that comes from meaningful connections.,"Personal / Emotional Growth, Unrelated"
"I feel grateful for the laughter, warmth, and love that they bring to my life.",Personal / Emotional Growth
It’s refreshing to be around people who make me feel appreciated and happy.,Personal / Emotional Growth
Moments like these keep me going.,Personal / Emotional Growth
"I spent time meditating today, and it brought me a profound sense of calm.",Personal / Emotional Growth
Letting go of stress and focusing on inner peace made me feel grounded.,Personal / Emotional Growth
I’m grateful for the clarity that these moments bring.,Personal / Emotional Growth
Life feels more balanced when I make time for myself.,Personal / Emotional Growth
"Today, I cooked a meal from scratch and found so much joy in the process.",Personal / Emotional Growth
It was fulfilling to take time for something creative and nourishing.,Personal / Emotional Growth
This simple act brought me a lot of satisfaction.,Personal / Emotional Growth
I feel reconnected to myself in a way I didn’t expect.,Personal / Emotional Growth
I felt a wave of optimism today as I reflected on the personal goals I’ve set for myself.,Personal / Emotional Growth
It’s encouraging to see the progress I’ve made and feel capable of achieving even more.,Personal / Emotional Growth
This positive outlook has boosted my confidence.,Personal / Emotional Growth
I’m grateful for the sense of purpose this brings.,Personal / Emotional Growth
"Today, I felt truly at peace after spending time journaling about my dreams and aspirations.",Personal / Emotional Growth
Putting my thoughts on paper brought clarity and inspiration.,Personal / Emotional Growth
I’m hopeful for the future and the journey ahead.,"Personal / Emotional Growth, Professional Development / Career Wellness"
It’s refreshing to feel this motivated.,Personal / Emotional Growth
"I took time for a quiet walk in the park today, appreciating the beauty of nature.",Personal / Emotional Growth
It was calming and gave me a sense of connection to the world around me.,Personal / Emotional Growth
I feel grateful for this chance to slow down and recharge.,Personal / Emotional Growth
These peaceful moments mean everything.,Personal / Emotional Growth
"Today, I realized how much I’ve grown emotionally over the past few months.",Personal / Emotional Growth
"I feel stronger, more resilient, and proud of the journey I’m on.",Personal / Emotional Growth
Reflecting on my progress brought a deep sense of fulfillment.,Personal / Emotional Growth
I’m excited to keep building on this foundation.,Personal / Emotional Growth
"I spent the evening listening to music that I love, and it brought me so much joy.",Personal / Emotional Growth
There’s something incredibly soothing about connecting to memories through music.,Personal / Emotional Growth
I feel rejuvenated and grateful for these comforting moments.,Personal / Emotional Growth
It’s amazing how much music can heal.,Personal / Emotional Growth
"Today, I felt a deep sense of satisfaction after organizing my personal space.",Personal / Emotional Growth
"Having a clear, peaceful environment has done wonders for my mindset.",Personal / Emotional Growth
I feel more focused and centered.,Personal / Emotional Growth
It’s a reminder of the power of a little self-care.,Personal / Emotional Growth
"I woke up feeling positive and energized, ready to take on the day with a fresh outlook.",Personal / Emotional Growth
This renewed energy has given me a sense of excitement for what’s ahead.,Personal / Emotional Growth
I’m grateful for days like these where everything feels balanced.,Personal / Emotional Growth
Life feels full of possibility.,Personal / Emotional Growth
Today was a rough day.,Personal / Emotional Struggles
"I felt tired and emotionally drained, struggling to keep a positive outlook.",Personal / Emotional Struggles
I felt disconnected from everyone around me.,Personal / Emotional Struggles
This lingering sadness has been tough to shake off.,Personal / Emotional Struggles
Feeling helpless and moody today.,Personal / Emotional Struggles
It’s difficult when things feel out of my control.,Personal / Emotional Struggles
I’ve been feeling anxious and emotionally exhausted lately.,Personal / Emotional Struggles
It’s been challenging to stay focused.,Personal / Emotional Struggles
Today was a struggle emotionally.,Personal / Emotional Struggles
"I’m feeling tired and disconnected, unsure of how to find my way back.",Personal / Emotional Struggles
"The stress is starting to take a toll, leaving me emotionally drained.",Personal / Emotional Struggles
It’s tough to stay positive when burnout looms.,Personal / Emotional Struggles
Feeling anxious and overwhelmed today.,Personal / Emotional Struggles
"The sadness is heavy, and it’s hard to shake the feeling of helplessness.",Personal / Emotional Struggles
"Today, I struggled with feelings of disillusionment.",Personal / Emotional Struggles
It’s exhausting to feel emotionally drained day after day.,Personal / Emotional Struggles
I’m feeling a strong sense of sadness and emotional exhaustion today.,Personal / Emotional Struggles
It’s tough to find motivation in this state.,Personal / Emotional Struggles
Today was another lonely day.,Personal / Emotional Struggles
The feeling of being disconnected from everyone around me is hard to overcome.,Personal / Emotional Struggles
Feeling moody and emotionally raw today.,Personal / Emotional Struggles
It’s challenging to keep pushing through when it feels like nothing is improving.,Personal / Emotional Struggles
"Today, I felt emotionally exhausted and anxious.",Personal / Emotional Struggles
The weight of everything is starting to feel overwhelming.,Personal / Emotional Struggles
"The loneliness hit me again today, making it hard to focus.",Personal / Emotional Struggles
It’s difficult to see past the sadness and isolation.,Personal / Emotional Struggles
Today was a struggle; I felt tired and emotionally worn out.,Personal / Emotional Struggles
The weight of everything seems harder to manage lately.,Personal / Emotional Struggles
It’s tough when I can’t seem to shake this lingering sadness.,Personal / Emotional Struggles
"I’ve been feeling disconnected, like I’m out of sync with everything around me.",Personal / Emotional Struggles
"The loneliness hit hard today, making it difficult to stay positive.",Personal / Emotional Struggles
It’s challenging to face these feelings alone.,Personal / Emotional Struggles
"Today, I felt overwhelmed by a mix of anxiety and sadness.",Personal / Emotional Struggles
It’s tough to keep going when everything feels uncertain and heavy.,Personal / Emotional Struggles
I wish I could find a way to ease these emotions.,Personal / Emotional Struggles
"I felt emotionally drained again today, struggling to find the energy to do much of anything.",Personal / Emotional Struggles
The burnout is starting to take its toll.,Personal / Emotional Struggles
I just hope things will get easier soon.,Personal / Emotional Struggles
Feeling a bit lost and unsure of my direction today.,Personal / Emotional Struggles
It’s hard to focus with these persistent feelings of sadness.,Personal / Emotional Struggles
"I’m hoping for some clarity,",Personal / Emotional Struggles
it feels far off.,Personal / Emotional Struggles
"The loneliness has been getting to me, and today it felt even more intense.",Personal / Emotional Struggles
It’s tough to manage everything when the emotional toll keeps growing.,Personal / Emotional Struggles
I wish I had more support.,Personal / Emotional Struggles
"Today was another hard day, with feelings of helplessness creeping in.",Personal / Emotional Struggles
I’m finding it difficult to stay motivated.,Personal / Emotional Struggles
The emotional exhaustion feels overwhelming at times.,Personal / Emotional Struggles
I’ve been feeling moody and disconnected lately.,Personal / Emotional Struggles
"Today, I struggled with sadness that feels hard to define.",Personal / Emotional Struggles
It’s tiring to carry this weight alone.,Personal / Emotional Struggles
"Today, I felt the weight of burnout.",Personal / Emotional Struggles
The stress and emotional strain have left me feeling drained.,Personal / Emotional Struggles
"I’m trying to find balance,",Personal / Emotional Struggles
it’s challenging.,Personal / Emotional Struggles
"The emotional exhaustion hit hard today, making it difficult to see past the struggles.",Personal / Emotional Struggles
It’s tough to carry on with this much sadness.,Personal / Emotional Struggles
I’m hoping things will look up soon.,Personal / Emotional Growth
"Today, I felt overwhelmed by a mix of emotions that I couldn’t quite place.",Personal / Emotional Struggles
"There’s an underlying sadness that’s hard to shake, and it’s affecting my energy.",Personal / Emotional Struggles
I wish I could find some clarity amidst this feeling.,Personal / Emotional Struggles
It’s exhausting to carry this emotional weight alone.,Personal / Emotional Struggles
"The loneliness hit particularly hard today, making me feel disconnected from everyone around me.",Personal / Emotional Struggles
It’s tough to manage these emotions when they seem so persistent.,Personal / Emotional Struggles
"I keep hoping for a shift,",Personal / Emotional Struggles
it feels far off.,Personal / Emotional Struggles
This isolation is starting to wear on me.,Personal / Emotional Struggles
"I felt emotionally vulnerable all day, as",Personal / Emotional Struggles
I was on the edge of tears without really knowing why.,Personal / Emotional Struggles
It’s exhausting to feel this way without any clear cause.,Personal / Emotional Struggles
I wish I could just feel stable and secure.,Personal / Emotional Growth
The emotional strain is taking its toll.,Personal / Emotional Struggles
"Today, I struggled with intense anxiety, feeling like everything was spiraling out of control.",Personal / Emotional Struggles
The sense of helplessness was almost paralyzing.,Personal / Emotional Struggles
It’s hard to function when these feelings become so overwhelming.,Personal / Emotional Struggles
I just want to find peace within myself again.,Personal / Emotional Growth
"It was a tough day emotionally, and I found myself feeling lost and without direction.",Personal / Emotional Struggles
This feeling of aimlessness is frustrating and makes me doubt myself.,Personal / Emotional Struggles
I wish I could see a clearer path forward.,Personal / Emotional Growth
It’s challenging to stay hopeful amidst this uncertainty.,Personal / Emotional Struggles
"Today, I felt emotionally disconnected from everything and everyone around me.",Personal / Emotional Struggles
It’s as,Unrelated
"I’m watching life from the outside, unable to fully engage.",Personal / Emotional Struggles
"I want to feel present again,",Personal / Emotional Struggles
it’s difficult when this feeling of distance lingers.,Personal / Emotional Struggles
It’s an isolating experience.,Personal / Emotional Struggles
"The weight of stress feels unmanageable today, and I’m not sure how to regain control.",Personal / Emotional Struggles
"Everything seems to be piling up, and I feel overwhelmed by it all.",Personal / Emotional Struggles
I wish I could find some relief from these emotions.,Personal / Emotional Struggles
It’s hard to keep pushing forward.,Personal / Emotional Struggles
"I woke up feeling anxious for no clear reason, and it’s stayed with me all day.",Personal / Emotional Struggles
This constant feeling of unease is exhausting and makes it hard to focus.,Personal / Emotional Struggles
I wish I could find a way to calm my mind.,Personal / Emotional Struggles
It’s challenging to function like this.,Personal / Emotional Struggles
"Today, I felt an overwhelming sadness that’s hard to explain.",Personal / Emotional Struggles
"It’s as if a heavy cloud is following me around, and I don’t know how to lift it.",Personal / Emotional Struggles
"I want to feel happy,",Personal / Emotional Growth
"right now, it seems out of reach.",Personal / Emotional Struggles
I hope tomorrow brings some relief.,Personal / Emotional Struggles
"The feeling of loneliness has been intense today, leaving me feeling isolated and misunderstood.",Personal / Emotional Struggles
It’s tough not having someone to share these emotions with.,Personal / Emotional Struggles
I wish I felt more connected to those around me.,Personal / Emotional Struggles
This solitude is difficult to bear.,Personal / Emotional Struggles
"Today, I felt emotionally fragile, like even the smallest thing could push me over the edge.",Personal / Emotional Struggles
"It’s unsettling to feel so vulnerable, and I wish I could find a way to feel more stable.",Personal / Emotional Struggles
This constant emotional strain is wearing me down.,Personal / Emotional Struggles
I’m longing for peace.,Personal / Emotional Growth
"I’ve been feeling emotionally drained all day, as if there’s nothing left to give.",Personal / Emotional Struggles
It’s tough to keep going when it feels like I’m running on empty.,Personal / Emotional Struggles
"I want to feel motivated,",Personal / Emotional Growth
everything feels overwhelming right now.,Personal / Emotional Struggles
It’s hard not to feel defeated.,Personal / Emotional Struggles
"Today, I struggled with a strong sense of helplessness, like nothing I do will make a difference.",Personal / Emotional Struggles
It’s challenging to stay positive when this feeling is so persistent.,Personal / Emotional Struggles
I just want to find a way to feel empowered again.,Personal / Emotional Growth
This emotional exhaustion is taking its toll.,Personal / Emotional Struggles
"I felt emotionally detached from myself today, as if I were observing my life from a distance.",Personal / Emotional Struggles
It’s unsettling to feel so disconnected from my own thoughts and emotions.,Personal / Emotional Struggles
"I want to feel whole again,",Personal / Emotional Growth
it seems elusive.,Personal / Emotional Struggles
This emptiness is hard to shake.,Personal / Emotional Struggles
"Today, I felt a mix of sadness and frustration that left me feeling mentally exhausted.",Personal / Emotional Struggles
"No matter how much I tried to push through, the emotions lingered.",Personal / Emotional Struggles
It’s difficult to function when you’re feeling this way.,Personal / Emotional Struggles
I just hope tomorrow brings a fresh start.,Personal / Emotional Growth
"Today, I spent the morning reorganizing my bookshelf, and it felt oddly satisfying.",Unrelated
I rediscovered a few books I had completely forgotten about.,Unrelated
"It’s a little project,",Unrelated
seeing everything neat brings a surprising amount of joy.,Unrelated
I may tackle the closet next!,Unrelated
"I tried a new recipe today, and",Unrelated
"it didn’t turn out as expected, the process was fun.",Unrelated
I realized that cooking has a calming effect on me.,Unrelated
"The kitchen was a mess,",Unrelated
it was worth it.,Unrelated
"Maybe next time, I’ll try something simpler.",Unrelated
"I spent a few hours at the local park, just watching people go about their day.",Unrelated
It’s fascinating to see how everyone has their own unique rhythm and purpose.,Unrelated
I felt strangely connected to the world by simply observing.,Unrelated
"Sometimes, it’s nice to just be a quiet spectator.",Unrelated
"Today, I finally got around to fixing that squeaky door in the house.",Unrelated
"It was a small task,",Unrelated
crossing it off my to-do list felt rewarding.,Unrelated
It’s amazing how little things can make a difference in how a home feels.,Unrelated
"Now, no more annoying squeaks!",Unrelated
"I decided to spend some time sketching today, and it felt so good to do something creative.",Unrelated
I forgot how much I enjoy the feeling of pencil on paper.,Unrelated
"It’s not perfect,",Unrelated
it’s mine.,Unrelated
I should make time for this more often.,Unrelated
"Took a long walk through my neighborhood this evening, and I noticed so many little details I had overlooked before.",Unrelated
It’s amazing how different everything feels when you’re truly present.,Personal / Emotional Growth
The fresh air cleared my mind.,Unrelated
I think I’ll make evening walks a regular thing.,Unrelated
"Today, I cleaned out my old emails, deleting hundreds of messages I no longer need.",Unrelated
It was surprisingly satisfying to declutter my digital space.,Unrelated
It’s like a weight lifted off my shoulders.,Unrelated
"Now, I feel ready to tackle the rest of the week!",Unrelated
I binge-watched an entire season of a show I just discovered.,Unrelated
It felt nice to just relax and get lost in someone else’s story.,Unrelated
It’s been a while since I let myself unwind like this.,Unrelated
A perfect lazy day if you ask me.,Unrelated
I picked up my guitar after months and played a few songs.,Unrelated
"My fingers were rusty,",Unrelated
the music felt as comforting as ever.,Unrelated
It’s like reconnecting with an old friend.,Unrelated
"I’m going to keep this going, even if it’s just a few minutes a day.","Personal / Emotional Growth, Personal / Emotional Struggles"
"Today, I browsed through old photos and reminisced about past travels.",Unrelated
It’s amazing how many memories can be packed into a single image.,Unrelated
"I feel a little nostalgic,",Unrelated
grateful for all those experiences.,Unrelated
Maybe it’s time to start planning another adventure.,Unrelated
"I spent the evening playing board games with family, and we laughed more than we have in a while.",Unrelated
It’s these simple moments that remind me of the importance of quality time.,Personal / Emotional Growth
Winning wasn’t the point; it was just about being together.,Unrelated
Definitely a night to remember.,Unrelated
"I decided to try meditation today, and",Unrelated
"I was restless at first, it eventually brought a sense of calm.",Unrelated
Focusing on my breathing helped me tune out the noise of everyday life.,Unrelated
It’s a new habit I’d like to develop.,Unrelated
Small steps toward inner peace.,Unrelated
"Today, I watered my plants and noticed they’re thriving.",Unrelated
It’s nice to see something I care for grow and flourish.,Unrelated
Gardening is surprisingly rewarding.,Unrelated
I think I’ll add a few more plants to my collection.,Unrelated
"Today, I found an old journal entry from years ago and spent some time reading through it.",Unrelated
It was interesting to see how much I’ve changed and grown.,Unrelated
Reflecting on my younger self gave me a fresh perspective.,Unrelated
Growth really is a journey.,Unrelated
I spent the afternoon reorganizing my kitchen cupboards.,Unrelated
"It was long overdue, and now everything has its place.",Unrelated
Cooking will be so much easier with a clear setup.,Unrelated
Small changes make such a big difference.,Unrelated
"Today, I took my dog to the park, and watching him run around freely was such a joy.",Unrelated
There’s something so pure and happy about dogs in their element.,Unrelated
Seeing him so content made my day brighter.,"Patient Care Excellence, Personal / Emotional Growth"
We should do this more often.,Unrelated
"I finally tried a yoga class online, and it was more challenging than I thought.",Unrelated
It felt good to stretch and focus on my body’s movements.,Unrelated
I think I’ll make this a regular part of my week.,Unrelated
It’s nice to find a new way to unwind.,Unrelated
"I spent the morning listening to old records, and it took me back to simpler times.",Unrelated
There’s a warmth in the crackling sound that streaming music just doesn’t have.,Unrelated
"It felt like a cozy, nostalgic trip.",Unrelated
I should pull these out more often.,Unrelated
"Today, I tried my hand at some light DIY crafts.",Unrelated
"I’m no artist,",Unrelated
there’s something fun about making something with your own hands.,Unrelated
"The results aren’t perfect,",Unrelated
they have a certain charm.,Unrelated
It was a nice change from my usual routine.,Unrelated
I had a quiet evening looking through my favorite poetry collection.,Unrelated
Each poem feels like a little world to get lost in.,Unrelated
It was soothing to revisit words that once brought me comfort.,Unrelated
Poetry has a way of speaking directly to the soul.,Unrelated
"Spent the day tending to my indoor plants, giving each one a bit of extra attention.",Unrelated
I feel like a proud plant parent seeing them grow so well.,Unrelated
"It’s rewarding to nurture something, even if it’s just plants.",Unrelated
They really brighten up my space.,Unrelated
"I tried my first jigsaw puzzle today, and it was oddly therapeutic.",Unrelated
The process of finding each piece’s place helped me unwind.,Unrelated
It was satisfying to see the picture slowly come together.,Unrelated
I might have found a new favorite hobby.,Unrelated
"Today, I decided to take the scenic route home and discovered a beautiful little café along the way.",Unrelated
It was a nice surprise and a welcome break from my usual routine.,Unrelated
"Sometimes, the unplanned moments are the best.",Unrelated
I’ll definitely be back to try their coffee.,Unrelated
I spent the afternoon sorting through old letters and mementos.,Unrelated
It was a walk down memory lane that brought back a lot of emotions.,Personal / Emotional Growth
Seeing how much I’ve grown since then is encouraging.,Unrelated
I’m grateful for the memories and lessons along the way.,Unrelated
"Today, I baked bread for the first time, and the smell filled the whole house.",Unrelated
There’s something incredibly satisfying about making something from scratch.,Unrelated
"It didn’t come out perfect,",Unrelated
I’m proud of the effort.,Unrelated
I’ll give it another try next week.,Unrelated
"I went stargazing tonight, lying in the backyard and watching the night sky.",Unrelated
It’s humbling to think about how vast the universe is.,Unrelated
Moments like these make my worries feel small.,Unrelated
I should spend more time appreciating the beauty above.,Personal / Emotional Growth
"I watched a documentary on art history today, and it was fascinating.",Unrelated
There’s so much about the world I still don’t know.,Unrelated
It’s inspiring to learn about people who’ve dedicated their lives to creativity.,Unrelated
It sparked a curiosity in me to explore new things.,Unrelated
"Today, I tried a new form of journaling: gratitude journaling.",Unrelated
Listing things I’m thankful for helped me reflect on the good in my life.,Unrelated
"It was a refreshing practice, and I felt more positive afterward.",Unrelated
I think I’ll make it part of my daily routine.,Unrelated
"I spent the evening writing in my journal, jotting down dreams and goals.",Unrelated
It’s exciting to think about what the future might hold.,Unrelated
There’s something powerful about putting your aspirations into words.,Unrelated
I feel more inspired and motivated than ever.,Unrelated
"I played board games online with friends tonight, and we laughed so much.",Unrelated
It reminded me of all the fun we used to have in person.,Unrelated
Even virtual connections feel meaningful when shared with the right people.,Unrelated
I’m thankful for friends who bring joy into my life.,Unrelated
"Today, I practiced a new language skill I’m learning, and it felt rewarding to see progress.",Unrelated
"I can now form basic sentences, and it’s exciting to feel growth.",Unrelated
"Language learning is challenging,",Unrelated
the small wins keep me motivated.,Unrelated
I look forward to becoming more fluent.,Unrelated
I spent some time today organizing my digital photos.,Unrelated
It was fun revisiting old memories and seeing how much has changed.,Unrelated
There’s something fulfilling about bringing order to the chaos of digital files.,Unrelated
It’s a project I’ll continue until everything’s organized.,Unrelated
Took a stroll around the neighborhood to enjoy the changing seasons.,Unrelated
The colors and sounds of nature are so soothing.,Unrelated
Being present in the moment reminded me of the beauty in everyday life.,Unrelated
I feel refreshed and ready to take on the week.,Unrelated
hello testing one two a tree,Unrelated
Today was a fruitful day but it's Time to relax and unwind Time to relax and unwind,Personal / Emotional Growth
hello testing one two three,Unrelated
ddd,Unrelated
wow this is cool can't really try  much of the app because still far from the landmark though,Unrelated
I find myself bored with my job as it seems tedious but repetitive. I feel the objective to meet staff wellness is not met. It only seems good on paper but not effective.,Workplace Challenges
I'm so happy today!,Personal / Emotional Growth
I ate a chicken and felt sick,Unrelated
I feel so happy today,Personal / Emotional Growth
I'm feeling tired today,Personal / Emotional Growth
A lof of presentations and exams due this week! rather stressful and feels like a hard week to get through,Unrelated
exams are getting closer and still feeling quite behind,Unrelated
"feeling well rested after a long day yesterday, ready to start work!",Personal / Emotional Growth
"school is very tiring, just wanna nap all day",Unrelated
Relieved because a lot of commitments are completed,Personal / Emotional Growth
quite stressed with school these days as there are many submissions and there is something to submit or a test every week but the semester is ending soon and i am really excited to travel with my gf,Unrelated
Testing,Unrelated
"Despite my best efforts, the patient became agitated and refused to take their medication, making it impossible to provide proper care.",Patient Care Challenges
"The patient’s condition worsened overnight, and the family blamed me, even though we followed all necessary procedures",Patient Care Challenges
"I had a difficult time managing a patient who was non-compliant with their treatment plan, leading to increased frustration for everyone involved",Patient Care Challenges
"A patient repeatedly lashed out at me and the team during their treatment, and it took all my strength to remain calm",Patient Care Challenges
"Today, a patient accused me of negligence because of a delay in their procedure, even though it was beyond my control",Patient Care Challenges
"I struggled with a patient who refused to acknowledge the severity of their condition, making my job extremely difficult.",Patient Care Challenges
"A family member was upset that we couldn’t provide the specialized treatment they requested, and it was hard to manage their expectations.",Patient Care Challenges
"It was disheartening to be blamed for a patient’s lack of progress when the treatment was not the issue, but their refusal to cooperate was.",Patient Care Challenges
Dealing with an aggressive patient today left me emotionally drained; I wasn’t prepared for the level of hostility I faced.,Patient Care Challenges
"I felt powerless when a patient demanded treatments we couldn’t provide, leading to a confrontation that escalated quickly",Patient Care Challenges
"The patient’s condition was deteriorating, and despite my efforts, they refused any form of intervention, making the situation even more stressful.",Patient Care Challenges
The communication breakdown between the patient’s family and the medical team made it difficult to proceed with the care plan effectively,Patient Care Challenges
"A patient was discharged prematurely, and when they experienced complications, I received the blame, though I had advised against it.",Patient Care Challenges
"I faced harsh criticism from a patient today because of the hospital’s equipment malfunction, which delayed their treatment",Patient Care Challenges
"Despite multiple attempts to explain the situation, a family member remained angry, claiming we weren’t doing enough for the patient",Patient Care Challenges
"It was incredibly frustrating dealing with a patient who actively resisted every form of care, making it nearly impossible to assist them",Patient Care Challenges
"A patient’s refusal to stay in bed after surgery led to complications, and the blame was placed squarely on me by their family.",Patient Care Challenges
"The patient lashed out at the staff after learning their procedure would be delayed, and I struggled to manage the situation without escalating it further.",Patient Care Challenges
"Handling a patient who continuously accused me of ignoring their concerns, despite frequent check-ins, left me feeling helpless",Patient Care Challenges
"The day ended with a heated confrontation when a patient’s family member accused me of not prioritizing their loved one’s care, even though we were doing everything possible",Patient Care Challenges
"The patient refused to listen to any advice today, making the situation tense and unproductive.",Patient Care Challenges
"A family member accused me of negligence because of a treatment side effect, though I had explained the risks earlier.",Patient Care Challenges
Dealing with a patient who constantly demanded attention while refusing treatment was mentally exhausting.,Patient Care Challenges
The patient’s refusal to follow instructions during the procedure caused unnecessary complications.,Patient Care Challenges
"A patient became increasingly hostile, claiming that the hospital staff wasn’t providing adequate care.",Patient Care Challenges
It was disheartening to be blamed for a delay in treatment when the issue was due to understaffing.,Patient Care Challenges
The lack of cooperation from the patient made it impossible to deliver the necessary care effectively.,Patient Care Challenges
"Despite my efforts to calm the situation, the patient continued to act aggressively towards me and other staff.",Patient Care Challenges
"Today, I had to explain multiple times why certain procedures couldn’t be done, but the patient remained frustrated.",Patient Care Challenges
"A patient lashed out verbally when their treatment didn’t provide instant results, blaming me for their discomfort.",Patient Care Challenges
"I was blamed for the unavailability of resources needed for the patient’s treatment, though it was out of my control.",Patient Care Challenges
"The patient refused to take responsibility for their recovery, blaming the medical team for their slow progress.",Patient Care Challenges
"It was emotionally draining to deal with a patient who continuously refused help, despite needing urgent care.",Patient Care Challenges
A family member became hostile when we couldn’t give them immediate answers regarding the patient’s diagnosis.,Patient Care Challenges
The patient's aggressive behavior during their treatment put both themselves and the staff at risk.,Patient Care Challenges
I faced backlash from a patient’s family after explaining that we couldn’t provide the treatment they were demanding.,Patient Care Challenges
"The patient’s non-compliance with the care plan led to worsening conditions, which made it difficult to continue care.",Patient Care Challenges
"Despite explaining the limitations of the hospital, the patient remained unsatisfied and blamed me personally.",Patient Care Challenges
"A patient repeatedly insulted the team for the perceived lack of attention, though we were fully dedicated to their care.",Patient Care Challenges
I was left emotionally drained after handling a patient who lashed out at everyone involved in their care.,Patient Care Challenges
It was incredibly challenging to manage a patient who refused to acknowledge the severity of their medical condition.,Patient Care Challenges
"A family member accused me of withholding care from their loved one, though I had followed all necessary protocols.",Patient Care Challenges
"The patient’s behavior became increasingly erratic, making it nearly impossible to administer their treatment safely.",Patient Care Challenges
"The family was upset about a decision made by the doctors, but I had to manage their anger as the face of the team.",Patient Care Challenges
"Despite my best efforts to de-escalate the situation, the patient continued to yell at me and my colleagues.",Patient Care Challenges
"I felt powerless when a patient refused to undergo a critical procedure, putting their life at risk.",Patient Care Challenges
A family member’s refusal to accept the reality of the patient’s condition created tension during today’s visit.,Patient Care Challenges
I faced accusations from a patient who believed their worsening condition was due to my lack of care.,Patient Care Challenges
Managing a patient who refused all attempts at intervention was a test of patience and professionalism.,Patient Care Challenges
The patient refused to acknowledge that their lifestyle choices were contributing to their deteriorating health.,Patient Care Challenges
"Despite explaining the treatment options, the patient remained hostile and refused to cooperate.",Patient Care Challenges
A patient’s family became confrontational when they misunderstood the purpose of a recommended procedure.,Patient Care Challenges
"Today, I felt demoralized after dealing with a patient who showed no appreciation for the care we provided.",Patient Care Challenges
"The patient’s refusal to follow post-operative instructions led to a setback, and I was blamed for the outcome.",Patient Care Challenges
It was challenging to provide care to a patient who continuously questioned every step of the treatment process.,Patient Care Challenges
A family member’s unrealistic expectations made it difficult to maintain a calm and professional environment.,Patient Care Challenges
The patient became verbally abusive when they learned their treatment would take longer than expected.,Patient Care Challenges
"Despite following the care plan, I was accused of neglect when the patient’s condition did not improve immediately.",Patient Care Challenges
"The patient rejected every form of assistance offered, making it nearly impossible to provide adequate care.",Patient Care Challenges
"It was difficult to handle a patient who refused to take their medication, blaming the staff for their lack of improvement.",Patient Care Challenges
The emotional strain of managing a non-cooperative patient today made it one of the toughest days I’ve had.,Patient Care Challenges
"The patient refused to listen to any advice today, making the situation tense and unproductive.",Patient Care Challenges
"A family member accused me of negligence because of a treatment side effect, though I had explained the risks earlier.",Patient Care Challenges
Dealing with a patient who constantly demanded attention while refusing treatment was mentally exhausting.,Patient Care Challenges
The patient’s refusal to follow instructions during the procedure caused unnecessary complications.,Patient Care Challenges
"A patient became increasingly hostile, claiming that the hospital staff wasn’t providing adequate care.",Patient Care Challenges
It was disheartening to be blamed for a delay in treatment when the issue was due to understaffing.,Patient Care Challenges
The lack of cooperation from the patient made it impossible to deliver the necessary care effectively.,Patient Care Challenges
"Despite my efforts to calm the situation, the patient continued to act aggressively towards me and other staff.",Patient Care Challenges
"Today, I had to explain multiple times why certain procedures couldn’t be done, but the patient remained frustrated.",Patient Care Challenges
"A patient lashed out verbally when their treatment didn’t provide instant results, blaming me for their discomfort.",Patient Care Challenges
"I was blamed for the unavailability of resources needed for the patient’s treatment, though it was out of my control.",Patient Care Challenges
"The patient refused to take responsibility for their recovery, blaming the medical team for their slow progress.",Patient Care Challenges
"It was emotionally draining to deal with a patient who continuously refused help, despite needing urgent care.",Patient Care Challenges
A family member became hostile when we couldn’t give them immediate answers regarding the patient’s diagnosis.,Patient Care Challenges
The patient's aggressive behavior during their treatment put both themselves and the staff at risk.,Patient Care Challenges
I faced backlash from a patient’s family after explaining that we couldn’t provide the treatment they were demanding.,Patient Care Challenges
"The patient’s non-compliance with the care plan led to worsening conditions, which made it difficult to continue care.",Patient Care Challenges
"Despite explaining the limitations of the hospital, the patient remained unsatisfied and blamed me personally.",Patient Care Challenges
"A patient repeatedly insulted the team for the perceived lack of attention, though we were fully dedicated to their care.",Patient Care Challenges
I was left emotionally drained after handling a patient who lashed out at everyone involved in their care.,Patient Care Challenges
It was incredibly challenging to manage a patient who refused to acknowledge the severity of their medical condition.,Patient Care Challenges
"A family member accused me of withholding care from their loved one, though I had followed all necessary protocols.",Patient Care Challenges
"The patient’s behavior became increasingly erratic, making it nearly impossible to administer their treatment safely.",Patient Care Challenges
"The family was upset about a decision made by the doctors, but I had to manage their anger as the face of the team.",Patient Care Challenges
"Despite my best efforts to de-escalate the situation, the patient continued to yell at me and my colleagues.",Patient Care Challenges
"I felt powerless when a patient refused to undergo a critical procedure, putting their life at risk.",Patient Care Challenges
A family member’s refusal to accept the reality of the patient’s condition created tension during today’s visit.,Patient Care Challenges
I faced accusations from a patient who believed their worsening condition was due to my lack of care.,Patient Care Challenges
Managing a patient who refused all attempts at intervention was a test of patience and professionalism.,Patient Care Challenges
The patient refused to acknowledge that their lifestyle choices were contributing to their deteriorating health.,Patient Care Challenges
"Despite explaining the treatment options, the patient remained hostile and refused to cooperate.",Patient Care Challenges
A patient’s family became confrontational when they misunderstood the purpose of a recommended procedure.,Patient Care Challenges
"Today, I felt demoralized after dealing with a patient who showed no appreciation for the care we provided.",Patient Care Challenges
"The patient’s refusal to follow post-operative instructions led to a setback, and I was blamed for the outcome.",Patient Care Challenges
It was challenging to provide care to a patient who continuously questioned every step of the treatment process.,Patient Care Challenges
A family member’s unrealistic expectations made it difficult to maintain a calm and professional environment.,Patient Care Challenges
The patient became verbally abusive when they learned their treatment would take longer than expected.,Patient Care Challenges
"Despite following the care plan, I was accused of neglect when the patient’s condition did not improve immediately.",Patient Care Challenges
"The patient rejected every form of assistance offered, making it nearly impossible to provide adequate care.",Patient Care Challenges
"It was difficult to handle a patient who refused to take their medication, blaming the staff for their lack of improvement.",Patient Care Challenges
The emotional strain of managing a non-cooperative patient today made it one of the toughest days I’ve had.,Patient Care Challenges
"The patient refused to engage in their treatment, making it difficult to administer care.",Patient Care Challenges
"Today, a patient’s family expressed dissatisfaction with the treatment plan, creating a tense atmosphere.",Patient Care Challenges
"A patient became agitated after experiencing side effects from their medication, blaming the staff.",Patient Care Challenges
"Despite our best efforts, the patient’s condition worsened, and they blamed us for the lack of improvement.",Patient Care Challenges
"The patient lashed out verbally, accusing me of not providing the care they deserved.",Patient Care Challenges
It was hard to keep calm when the patient refused to comply with the recommended therapy.,Patient Care Challenges
A patient’s refusal to take their medication made it impossible to proceed with the treatment plan.,Patient Care Challenges
Dealing with a non-cooperative patient today was emotionally exhausting.,Patient Care Challenges
"The patient’s family insisted on an alternative treatment that wasn’t available, leading to a conflict.",Patient Care Challenges
It was disheartening when a patient refused to acknowledge the efforts we were making to help them recover.,Patient Care Challenges
"The patient’s worsening condition was blamed on me, even though we followed the proper protocols.",Patient Care Challenges
"A patient angrily demanded a procedure that wasn’t necessary, making it difficult to manage the situation.",Patient Care Challenges
Handling a non-compliant patient today felt like an impossible task.,Patient Care Challenges
"The family’s expectations didn’t align with the reality of the patient’s condition, causing tension.",Patient Care Challenges
I struggled to explain to the patient that their refusal to follow instructions was hindering their recovery.,Patient Care Challenges
A patient’s aggression towards the staff made it hard to provide care in a safe environment.,Patient Care Challenges
"The lack of resources made it difficult to meet the patient’s demands, and they weren’t happy about it.","Patient Care Challenges, Workplace Challenges"
"I was accused of negligence today, even though we were doing everything possible for the patient.",Patient Care Challenges
The patient’s refusal to engage in their treatment plan set back their progress significantly.,Patient Care Challenges
"Today, a family member became confrontational after misunderstanding the patient’s treatment plan.",Patient Care Challenges
"A patient refused to believe the diagnosis and demanded unnecessary tests, delaying care.",Patient Care Challenges
"The patient became frustrated with the slow progress of their recovery, leading to a heated exchange.",Patient Care Challenges
"A family member accused me of not prioritizing the patient’s care, though we were following protocols.",Patient Care Challenges
The patient’s anger over their condition made it difficult to establish a rapport and provide care.,Patient Care Challenges
A miscommunication with the patient’s family escalated into a conflict about the treatment plan.,Patient Care Challenges
Handling a patient who refused to stay calm during a critical procedure was incredibly stressful.,Patient Care Challenges
"I felt helpless when the patient rejected the prescribed treatment, despite needing it urgently.",Patient Care Challenges
A patient’s refusal to cooperate during a crucial moment put both of us in a difficult situation.,Patient Care Challenges
"The patient’s expectations were unrealistic, and it was hard to manage their disappointment.",Patient Care Challenges
"Today, a family member lashed out at me because of a delay in the patient’s procedure.",Patient Care Challenges
It was incredibly rewarding to see the patient recover and thank me for my support throughout the process.,Patient Care Excellence
"Today, a patient expressed deep gratitude for the care they received, which reminded me why I love this job.",Patient Care Excellence
"The patient smiled for the first time in days, and it was a beautiful moment to witness.",Patient Care Excellence
The family’s appreciation for our efforts during the patient’s recovery made all the hard work worth it.,Patient Care Excellence
"The patient’s improvement today was remarkable, and they thanked the entire team for their dedication.",Patient Care Excellence
Helping the patient overcome their fears during treatment felt like a real achievement.,Patient Care Excellence
"The patient was in good spirits after the procedure, expressing thanks for the attentive care they received.",Patient Care Excellence
I was moved when the patient’s family told me how much our support had meant to them.,Patient Care Excellence
"It was rewarding to see the patient walk for the first time after surgery, full of hope and positivity.",Patient Care Excellence
"A patient I worked with for weeks finally showed signs of recovery, and their gratitude was overwhelming.",Patient Care Excellence
The positive feedback from the patient’s family today made me feel proud of the care we provided.,Patient Care Excellence
Seeing a patient’s recovery after a challenging journey filled me with a sense of accomplishment.,Patient Care Excellence
The patient expressed appreciation for our compassion during their most difficult days.,Patient Care Excellence
The gratitude shown by the patient and their family made today feel truly special.,Patient Care Excellence
Witnessing the patient regain their strength after weeks of treatment was a moment of pure joy.,Patient Care Excellence
The patient thanked me personally for helping them through the hardest part of their recovery.,Patient Care Excellence
"Today, a patient who had been struggling finally turned a corner, and it was incredible to be part of it.",Patient Care Excellence
The patient’s family expressed their heartfelt thanks for the care we provided during a critical time.,Patient Care Excellence
The patient’s positive response to the treatment today gave everyone hope and encouragement.,Patient Care Excellence
Seeing the patient’s improvement and their kind words were a reminder of why this work is so important.,Patient Care Excellence
"The patient’s family was so grateful for the progress we made together, it made my day.",Patient Care Excellence
"I was able to support a patient through a tough moment, and their gratitude was overwhelming.",Patient Care Excellence
"The patient expressed such heartfelt thanks today, making all the hard work feel worthwhile.",Patient Care Excellence
"It was a privilege to be part of the patient’s care, and seeing them improve was incredibly rewarding.",Patient Care Excellence
The patient told me how much they appreciated the small gestures of kindness during their recovery.,Patient Care Excellence
Today’s patient interaction left me feeling proud of the compassionate care I was able to provide.,Patient Care Excellence
"The patient was so grateful for the extra time we spent explaining their treatment, and it made a difference.",Patient Care Excellence
Witnessing the patient’s recovery and the joy it brought to their family was the highlight of my day.,Patient Care Excellence
The family’s appreciation for our efforts made all the challenges we faced during the patient’s care worth it.,Patient Care Excellence
"I was able to make a real difference in the patient’s recovery, and their gratitude meant everything.",Patient Care Excellence
The patient’s kind words today reassured me that the care we’re providing truly matters.,Patient Care Excellence
The patient’s recovery after such a challenging treatment plan filled me with pride in the work we do.,Patient Care Excellence
Helping the patient regain their confidence after surgery was a special moment for everyone involved.,Patient Care Excellence
"The patient’s progress today was remarkable, and it was so rewarding to see them smiling again.",Patient Care Excellence
"The patient thanked the team for their relentless dedication, and it was a beautiful moment of gratitude.",Patient Care Excellence
"Today, a patient shared how our care had changed their outlook on recovery, which was deeply moving.",Patient Care Excellence
The positive feedback from both the patient and their family today was incredibly uplifting.,Patient Care Excellence
The patient’s words of appreciation reminded me why I chose this profession in the first place.,Patient Care Excellence
"The progress the patient made today was astounding, and their gratitude was the icing on the cake.",Patient Care Excellence
The patient’s heartfelt thanks after a long recovery journey made everything feel worth it.,Patient Care Excellence
"I felt privileged to play a part in the patient’s recovery, and their appreciation was a wonderful reward.",Patient Care Excellence
"Today, I felt more balanced and in control of my emotions, even in stressful situations.",Personal / Emotional Growth
"I managed to stay calm and positive throughout the day, which helped me be more productive.",Personal / Emotional Growth
"It was a good day for self-reflection, and I’m proud of the progress I’ve made emotionally.",Personal / Emotional Growth
"I felt really grateful for the support I’ve been receiving, and it’s helping me stay positive.",Personal / Emotional Growth
"Despite the challenges, I was able to maintain a positive attitude and focus on solutions.",Personal / Emotional Growth
"I spent some time focusing on myself today, and it gave me a fresh perspective on things.",Personal / Emotional Growth
"I’m feeling emotionally stronger each day, and today was a reminder of how far I’ve come.","Personal / Emotional Growth, Personal / Emotional Struggles"
"It was a peaceful day, and I’m thankful for the little moments of happiness I experienced.",Personal / Emotional Growth
I was able to handle a difficult conversation with grace and stay positive throughout.,Personal / Emotional Growth
I feel more connected with my emotions and better equipped to handle stress these days.,Personal / Emotional Growth
Taking a moment to breathe and reflect helped me stay calm and grounded today.,Personal / Emotional Growth
"I was able to see the silver lining in a challenging situation, and it made me feel empowered.",Personal / Emotional Growth
I’m proud of how I managed to keep a positive mindset despite the pressures of the day.,Personal / Emotional Growth
"It felt good to focus on my well-being today, and I’m feeling more in tune with myself.",Personal / Emotional Growth
"I’m learning to let go of the little things, and it’s bringing more peace into my life.",Personal / Emotional Growth
"Today, I chose to focus on the good, and it helped me stay emotionally balanced.",Personal / Emotional Growth
I had a great conversation with a friend that lifted my spirits and made me feel more connected.,Personal / Emotional Growth
I’m feeling more resilient and able to handle life’s ups and downs with a positive outlook.,Personal / Emotional Growth
"It was a good day for self-care, and I’m feeling more refreshed and emotionally steady.",Personal / Emotional Growth
"I’m proud of how I’ve been handling challenges lately, staying positive and focused on solutions.",Personal / Emotional Growth
"I felt a deep sense of peace today, and it reminded me to appreciate the small joys in life.",Personal / Emotional Growth
"I’ve been making time for myself, and it’s really paying off in how I feel emotionally.",Personal / Emotional Growth
"Today, I felt more in control of my reactions and better able to manage my emotions.",Personal / Emotional Growth
"I’m learning to focus on the things I can control, and it’s bringing me a lot of emotional relief.",Personal / Emotional Growth
"It was a great day for personal growth, and I’m proud of how far I’ve come emotionally.",Personal / Emotional Growth
"I was able to stay present and positive, even when things didn’t go as planned.",Personal / Emotional Growth
It felt good to take a break and focus on what makes me happy today.,Personal / Emotional Growth
"I’ve been more mindful of my emotional well-being, and today was a good day for self-care.",Personal / Emotional Growth
"I’m proud of how I managed my stress today, staying calm and focused on what matters.",Personal / Emotional Growth
"I had a great moment of reflection today, and it helped me stay grounded and positive.",Personal / Emotional Growth
"I’m learning to be kinder to myself, and it’s making a big difference in how I feel.",Personal / Emotional Growth
"Today, I made an effort to appreciate the positive aspects of my life, and it brightened my day.",Personal / Emotional Growth
"I’m feeling more at peace with where I am emotionally, and today was a good day for growth.",Personal / Emotional Growth
"I’m grateful for the emotional support I’ve been receiving, and it’s helping me stay positive.",Personal / Emotional Growth
"It was a day filled with positive energy, and I’m proud of how I’ve been handling my emotions.","Personal / Emotional Growth, Personal / Emotional Struggles"
"I’m learning to trust the process and stay optimistic about the future, which brings me peace.",Personal / Emotional Growth
"Today, I felt more emotionally connected to myself and the people around me.",Personal / Emotional Growth
"I’m focusing on the things that bring me joy, and it’s making a big difference in how I feel.",Personal / Emotional Growth
I had a moment of gratitude today that really lifted my spirits and made me feel positive.,Personal / Emotional Growth
"I’m feeling more emotionally resilient, and today was a reminder of how strong I’ve become.",Personal / Emotional Growth
"I felt overwhelmed today, like I couldn’t keep up with everything on my plate.",Personal / Emotional Struggles
"The stress of the situation got to me, and I struggled to maintain a positive outlook.",Personal / Emotional Struggles
"It was hard to shake off the negativity today, and it affected my mood all day.",Personal / Emotional Struggles
"I felt emotionally drained after dealing with a difficult situation, and I just couldn’t recover.",Personal / Emotional Struggles
The weight of everything going on has left me feeling exhausted and defeated.,Personal / Emotional Struggles
"Today, I struggled with self-doubt, questioning if I’m good enough to handle the responsibilities I have.",Personal / Emotional Struggles
"I felt unappreciated today, like my efforts were going unnoticed by everyone around me.",Personal / Emotional Struggles
It was hard to stay focused with all the emotional turmoil I was feeling inside.,Personal / Emotional Struggles
"I couldn’t shake the feeling that I wasn’t doing enough, no matter how hard I tried.",Personal / Emotional Struggles
"The pressure I’ve been feeling lately hit me hard today, and it was difficult to stay composed.",Personal / Emotional Struggles
"I felt isolated today, like no one understood what I was going through emotionally.",Personal / Emotional Struggles
"The stress from work and personal life collided, leaving me feeling completely overwhelmed.",Personal / Emotional Struggles
"I’m finding it harder and harder to stay motivated, and today was especially tough.",Personal / Emotional Struggles
"It felt like everything was going wrong today, and I just couldn’t find the energy to push through.",Personal / Emotional Struggles
"I’m emotionally exhausted, and today, it felt like it all caught up with me at once.",Personal / Emotional Struggles
"I struggled to maintain a positive attitude today, and it affected my interactions with others.",Personal / Emotional Struggles
"The constant pressure is wearing me down, and I felt particularly overwhelmed today.",Personal / Emotional Struggles
"I’ve been feeling disconnected from those around me, and it’s making things even harder.",Personal / Emotional Struggles
The stress of trying to keep everything together is becoming too much to handle.,Personal / Emotional Struggles
"Today, I felt like I was drowning in my emotions, unable to see a way out of the negative thoughts.",Personal / Emotional Struggles
"I’m feeling more anxious than usual, and today, it made it difficult to get anything done.",Personal / Emotional Struggles
It was hard to stay focused today with all the emotional baggage I’ve been carrying around.,Personal / Emotional Struggles
"I felt like I wasn’t living up to expectations today, and it really weighed on me emotionally.",Personal / Emotional Struggles
The emotional exhaustion I’ve been feeling is starting to impact my work and personal life.,Personal / Emotional Struggles
"Today was filled with self-doubt, and I couldn’t stop questioning my decisions and actions.",Personal / Emotional Struggles
"I felt unsupported today, like I was carrying the weight of the world on my own.",Personal / Emotional Struggles
"The stress I’ve been dealing with is starting to affect my health, and today, I felt it physically.",Personal / Emotional Struggles
"I’m emotionally drained, and it felt like no matter what I did today, I couldn’t shake the sadness.",Personal / Emotional Struggles
"It’s been harder to keep my emotions in check lately, and today was especially challenging.",Personal / Emotional Struggles
"I felt completely overwhelmed by everything on my plate, and it was hard to find a way forward.",Personal / Emotional Struggles
The stress of trying to balance everything is starting to take its toll on me emotionally.,Personal / Emotional Struggles
"I’ve been feeling more insecure lately, and today, those feelings really got to me.",Personal / Emotional Struggles
"I felt like I wasn’t good enough today, and it was hard to shake that thought all day long.",Personal / Emotional Struggles
"The emotional burden I’ve been carrying is starting to feel too heavy, and today, it really hit me.",Personal / Emotional Struggles
"I’m struggling to find balance, and today, it felt like everything was falling apart.",Personal / Emotional Struggles
"It was hard to stay positive today, and I found myself feeling more and more down as the day went on.",Personal / Emotional Struggles
"I felt like I was failing today, and it was hard to push past those negative thoughts.",Personal / Emotional Struggles
"The stress of everything has been building, and today, I felt like I was going to break under the pressure.",Personal / Emotional Struggles
"I’m feeling emotionally exhausted, and today, it felt like I didn’t have anything left to give.",Personal / Emotional Struggles
"It’s been hard to stay positive lately, and today was a particularly difficult day emotionally.",Personal / Emotional Struggles
"I’ve been feeling more and more disconnected from myself, and today, it felt worse than usual.",Personal / Emotional Struggles
The pressure of trying to meet everyone’s expectations is starting to get to me emotionally.,Personal / Emotional Struggles
"Today, I felt like I was carrying the weight of the world on my shoulders, and it was overwhelming.",Personal / Emotional Struggles
"I’ve been struggling with my emotions lately, and today, it felt like I couldn’t keep it together.",Personal / Emotional Struggles
"It’s been harder to find joy in the little things, and today, everything just felt overwhelming.",Personal / Emotional Struggles
"I felt emotionally vulnerable today, and it was difficult to manage those feelings throughout the day.",Personal / Emotional Struggles
"The stress of everything has been building up, and today, I felt like I couldn’t keep it together.",Personal / Emotional Struggles
"I felt like I was failing at everything today, and it was hard to stay motivated.",Personal / Emotional Struggles
"I’ve been feeling emotionally drained, and today, it felt like I was on the verge of burnout.",Personal / Emotional Struggles
"It’s been hard to stay hopeful lately, and today was a particularly tough day emotionally.",Personal / Emotional Struggles
"Today, I successfully completed a project that I’ve been working on for weeks, and it feels great to see the results.",Professional Development / Career Wellness
"I received positive feedback from my manager today, which boosted my confidence in my skills.",Professional Development / Career Wellness
"Attending the workshop gave me new insights and ideas to apply to my work, and I’m excited to implement them.",Professional Development / Career Wellness
I feel more confident in my abilities after handling a challenging task on my own today.,Professional Development / Career Wellness
"Today, I took the initiative to lead a team meeting, and it went better than I expected.",Professional Development / Career Wellness
"I learned a new skill today that will be useful in my career growth, and I’m excited to practice it more.",Professional Development / Career Wellness
I feel more aligned with my career goals after setting clear objectives for the upcoming quarter.,Professional Development / Career Wellness
"I’m proud of how far I’ve come in my career, and today was a reminder of my growth.",Professional Development / Career Wellness
"I took the opportunity to mentor a colleague today, and it felt rewarding to share my knowledge.",Professional Development / Career Wellness
I feel more organized and focused on my career development after setting up a new plan for the year.,Professional Development / Career Wellness
Completing a major milestone today made me feel accomplished and more motivated to push forward.,Professional Development / Career Wellness
"I received recognition for my contributions to a project today, and it’s nice to know my hard work is noticed.",Professional Development / Career Wellness
"I made progress towards a long-term career goal today, and it feels good to be on track.",Professional Development / Career Wellness
"Today’s brainstorming session was productive, and I’m excited to bring new ideas to the table.",Professional Development / Career Wellness
I feel more in control of my career path after reflecting on my achievements and future goals.,Professional Development / Career Wellness
"I’m proud of how I handled a difficult situation at work today, and it reaffirmed my leadership skills.",Professional Development / Career Wellness
"I enrolled in a new course to improve my skills, and I’m feeling motivated to keep learning.",Professional Development / Career Wellness
"Today, I received a promotion, and it’s a huge step forward in my career development.",Professional Development / Career Wellness
I feel more connected with my colleagues after collaborating on a successful project today.,Professional Development / Career Wellness
"I’m proud of the progress I’ve made in my career, and today was a great reminder of my potential.",Professional Development / Career Wellness
"Hello testing, just making sure this works.",Unrelated
ddddd,Unrelated
"Today was a random day, filled with nothing significant to note.",Unrelated
"Lorem ipsum dolor sit amet, consectetur adipiscing elit.",Unrelated
"I ate a sandwich for lunch, nothing else to report.",Unrelated
Just typing something to fill the space here.,Unrelated
asdfasdfasdfasdf,Unrelated
"No updates today, just another day at work.",Unrelated
"Testing 1, 2, 3, is this thing on?",Unrelated
The quick brown fox jumps over the lazy dog.,Unrelated
Another random entry for the sake of randomness.,Unrelated
"I don't know what to write, so I'll just type random words.",Unrelated
"Random thoughts, random day, random life.",Unrelated
"The sky is blue, and I'm feeling fine.",Unrelated
qwertyuiop,Unrelated
This is just a test entry to see how it works.,Unrelated
"Sometimes, you just have to type random stuff to get things done.",Unrelated
"Pizza is great, and that’s all I have to say about today.",Unrelated
"Nothing important happened today, just another uneventful day.",Unrelated
"Test test test, are we live?",Unrelated
"I watched a movie today, and that’s pretty much it.",Unrelated
"The cat jumped over the fence, and I went for a walk.",Unrelated
Typing away at the keyboard with no real purpose.,Unrelated
Hello world! Just trying things out here.,Unrelated
What’s the point of this entry? Absolutely nothing.,Unrelated
"Blah blah blah, just filling space with words.",Unrelated
Randomly generated thoughts with no meaning.,Unrelated
"I’m not sure what to write here, so here’s a random sentence.",Unrelated
"Went to the grocery store, bought some milk, came home.",Unrelated
"There’s nothing interesting happening today, so here’s a boring entry.",Unrelated
"Test test test, random words, nothing special.",Unrelated
"This entry has no real purpose, just testing things out.",Unrelated
"Sometimes, I wonder why I have to type so many random things.",Unrelated
"Another day, another meaningless entry.",Unrelated
"Words, words, and more words that mean nothing.",Unrelated
Random typing for the sake of completing this entry.,Unrelated
"Test entry 1, 2, 3, making sure this works.",Unrelated
"I don’t really have much to say today, just typing away.",Unrelated
Random sentences are harder to come up with than you’d think.,Unrelated
"The sun was shining today, and I enjoyed a quiet afternoon.",Unrelated
"Another test entry, nothing to see here.",Unrelated
Typing some random words to fill this journal entry.,Unrelated
"The weather was nice today, but that’s about all that happened.",Unrelated
Just another random entry with no real point.,Unrelated
asdfghjkl,Unrelated
Writing random stuff for testing purposes.,Unrelated
"This is the 49th entry, almost done!",Unrelated
"And here we are, the final entry, another random one.",Unrelated
The lack of communication from management is making it difficult to complete projects efficiently.,Workplace Challenges
"I feel like there’s a lot of favoritism in the office, and it’s affecting team morale.",Workplace Challenges
The constant changes in leadership are causing confusion about our department’s direction.,Workplace Challenges
"There’s a lack of clarity about expectations, and it’s making it hard to know what’s required.",Workplace Challenges
It’s frustrating when my efforts aren’t recognized by my supervisor.,"Personal / Emotional Struggles, Workplace Challenges"
"The company’s organizational structure feels very top-heavy, making it difficult to get things done.",Workplace Challenges
"I’ve been dealing with office politics, and it’s starting to wear me down.","Personal / Emotional Struggles, Workplace Challenges"
The lack of support from HR on key issues is making the work environment toxic.,Workplace Challenges
"There’s little opportunity for growth, and it’s making me question my future here.",Workplace Challenges
"My workload is increasing, but there’s been no discussion about adjusting my compensation.",Workplace Challenges
The open-office environment makes it hard to focus and be productive.,Workplace Challenges
"I’ve had to pick up slack from colleagues who aren’t pulling their weight, and it’s frustrating.","Personal / Emotional Struggles, Workplace Challenges"
There’s a serious lack of transparency from upper management about company decisions.,Workplace Challenges
"The company’s pay structure is unfair, with wide discrepancies for similar roles.",Workplace Challenges
"I’m constantly being asked to work overtime, but there’s no appreciation for the extra hours.",Workplace Challenges
"It feels like the company doesn’t value work-life balance, and it’s affecting my personal life.","Personal / Emotional Struggles, Workplace Challenges"
"There’s a lack of proper training, and it’s leading to mistakes that could have been avoided.",Workplace Challenges
It feels like my manager isn’t invested in my professional development.,Workplace Challenges
"There’s a lack of collaboration between departments, and it’s affecting overall productivity.",Workplace Challenges
"The company is resistant to change, and it’s frustrating when we can’t implement improvements.",Workplace Challenges
"I’ve been dealing with passive-aggressive behavior from a colleague, and it’s making things uncomfortable.",Workplace Challenges
"There’s no clear process for promotions, and it feels like decisions are made arbitrarily.",Workplace Challenges
The constant restructuring within the company is causing anxiety among staff.,Workplace Challenges
"I feel micromanaged by my boss, and it’s stifling my ability to do my job effectively.",Workplace Challenges
"There’s no diversity in leadership, and it’s making the workplace feel stagnant.",Workplace Challenges
"The company’s benefits package isn’t competitive, and it’s affecting employee retention.",Workplace Challenges
I’ve been struggling with the lack of feedback from my manager on how I can improve.,Workplace Challenges
It feels like the company is more focused on profit than on the well-being of its employees.,Workplace Challenges
"The onboarding process for new hires is disorganized, and it’s causing delays in productivity.",Workplace Challenges
"There’s a toxic culture of blaming others when things go wrong, instead of finding solutions.",Workplace Challenges
"I feel like my contributions are overlooked, and it’s making me question my role here.",Workplace Challenges
The lack of flexibility with remote work policies is frustrating.,Workplace Challenges
"There’s a huge gap in communication between different levels of management, causing confusion.",Workplace Challenges
I’m frustrated with the lack of direction and clear goals for our department.,Workplace Challenges
It feels like management is out of touch with what’s happening on the ground.,Workplace Challenges
"The company is slow to adopt new technologies, and it’s making us fall behind competitors.",Workplace Challenges
"There’s no sense of team cohesion, and it’s affecting the overall work environment.",Workplace Challenges
The process for approvals is so slow that it’s delaying important projects.,Workplace Challenges
It feels like there’s no accountability from leadership when things go wrong.,Workplace Challenges
"I’m constantly being asked to take on more responsibility, but without any extra compensation.",Workplace Challenges
The company’s performance review process feels unfair and subjective.,Workplace Challenges
There’s a lack of transparency around salary increases and promotions.,Workplace Challenges
It feels like the workload isn’t distributed evenly across the team.,Workplace Challenges
I’m finding it difficult to get clear feedback from my manager on how to advance in my career.,Workplace Challenges
"The office culture is very cliquey, and it’s making it hard to build genuine relationships.",Workplace Challenges
There’s a disconnect between the company’s stated values and how things are actually run.,Workplace Challenges
"The company’s leadership doesn’t seem open to feedback, which is stifling innovation.",Workplace Challenges
I’m frustrated with the lack of support for continuing education or professional development.,Workplace Challenges
The company’s slow decision-making process is holding us back from making real progress.,Workplace Challenges
I spent most of the day organizing files and handling administrative tasks.,Unrelated
"Today was quiet, I spent the afternoon reading through reports that weren't very urgent.",Unrelated
I had to attend a long meeting that didn’t really relate to my core tasks.,Unrelated
The morning was spent on data entry for a project that isn't relevant to my role.,Unrelated
"I handled some miscellaneous tasks today, mostly unrelated to my primary responsibilities.",Unrelated
"Today’s focus was on paperwork, not much happened beyond that.",Unrelated
"I didn’t get much done related to my main projects, just some minor administrative work.",Unrelated
The team spent time discussing things that don’t really affect my work directly.,Unrelated
"There wasn’t much to report today, I spent most of it attending internal meetings.",Unrelated
"The day was filled with small, unimportant tasks, not much progress on key projects.",Unrelated
"I helped a colleague with something unrelated to my responsibilities, but it was a nice change of pace.",Unrelated
"Today felt unproductive, as I spent most of my time on things outside of my core focus.",Unrelated
I had to step away from my main work to assist with an event that’s not related to my department.,Unrelated
"The work today was mostly administrative, nothing really stood out.",Unrelated
I spent time reviewing documents that don’t impact my usual workload.,Unrelated
"There wasn’t much going on today, I spent time catching up on emails and organizing files.",Unrelated
I was assigned some work that didn’t contribute to any of my ongoing projects.,"Professional Development / Career Wellness, Workplace Challenges"
"I didn’t focus on any of my key tasks today, just handled some unrelated items.",Unrelated
My day consisted of following up on things that aren’t part of my normal duties.,Unrelated
"Today was slow, I spent most of it on tasks that don’t have a direct impact on my main projects.",Unrelated
There was a lot of back-and-forth on a project that doesn’t really concern my team.,Unrelated
I had to attend a training session that’s not applicable to my current role.,Unrelated
"The day went by slowly, spent on tasks that aren’t a priority for me.",Unrelated
I spent some time on a project that doesn’t really align with my department’s goals.,Unrelated
The majority of today was focused on minor administrative tasks.,Unrelated
"I didn’t make much progress today, mostly handled things that aren’t part of my normal workload.",Unrelated
"Today, I worked on preparing some materials for an unrelated project.",Unrelated
I was asked to help with something outside of my usual responsibilities.,Unrelated
"The day was spent on small, unrelated tasks that didn’t add much value.",Unrelated
"I helped out on a project that I don’t usually deal with, just to lend a hand.",Unrelated
"There wasn’t much to do today, so I spent time organizing my workspace.",Unrelated
I got pulled into a meeting for a project that doesn’t concern my work directly.,Unrelated
I spent a lot of time on follow-ups that aren’t really important to my department’s objectives.,Unrelated
"The workload today was light, mostly spent on things that don’t relate to my core role.",Unrelated
"I didn’t get around to working on my key projects, spent the day on unrelated tasks.",Unrelated
Today was mostly spent on internal discussions that don’t affect my role directly.,Unrelated
"I handled a lot of background work today, but none of it was related to my main duties.",Unrelated
"There were a lot of small distractions today, but nothing related to my key responsibilities.",Unrelated
"I assisted a colleague with their tasks today, which took me away from my usual work.",Unrelated
"The day went by slowly, mostly spent on activities unrelated to my current projects.",Unrelated
"Today, I felt like I was carrying the weight of the world on my shoulders.",Personal / Emotional Struggles
"I struggled to keep my emotions in check, and it affected my work.",Personal / Emotional Struggles
It feels like I’m constantly overwhelmed and can’t seem to catch a break.,Personal / Emotional Struggles
The stress from both work and personal life is starting to feel unbearable.,Personal / Emotional Struggles
"I’ve been feeling emotionally drained, and today was particularly hard.",Personal / Emotional Struggles
"The constant pressure is getting to me, and I’m finding it harder to stay positive.",Personal / Emotional Struggles
"I felt a lot of anxiety today, and it made it difficult to focus on anything.",Personal / Emotional Struggles
"I’m emotionally exhausted, and I’m not sure how much longer I can keep this up.",Personal / Emotional Struggles
"I couldn’t shake off the negative thoughts today, and it affected my mood all day long.",Personal / Emotional Struggles
The emotional rollercoaster I’ve been on lately is starting to wear me down.,Personal / Emotional Struggles
"I’m feeling more distant from people lately, and it’s making things harder for me emotionally.",Personal / Emotional Struggles
"The stress is starting to manifest physically, and I felt completely drained today.",Personal / Emotional Struggles
"I’ve been struggling with self-doubt, and it’s affecting how I approach my work.",Personal / Emotional Struggles
The lack of emotional support from those around me is making everything harder to handle.,Personal / Emotional Struggles
"I felt unmotivated and emotionally tired all day, like I’m stuck in a rut.",Personal / Emotional Struggles
"Today, I felt like I was constantly on edge, and it was hard to manage my emotions.",Personal / Emotional Struggles
"I’ve been feeling more and more disconnected from my emotions, and it’s unsettling.",Personal / Emotional Struggles
The weight of everything going on is starting to feel too much to handle.,Personal / Emotional Struggles
"I felt like I was drowning in responsibilities today, and it left me feeling helpless.",Personal / Emotional Struggles
"It’s been harder to manage my emotions lately, and today was a particularly tough day.",Personal / Emotional Struggles
"I felt emotionally vulnerable today, and it made everything seem more difficult than usual.",Personal / Emotional Struggles
"The stress from work is bleeding into my personal life, and I’m struggling to separate the two.",Personal / Emotional Struggles
I’m emotionally exhausted from dealing with the same challenges over and over again.,Personal / Emotional Struggles
It’s hard to stay hopeful when it feels like things aren’t improving.,Personal / Emotional Struggles
"I felt like I was on the verge of a breakdown today, and it took everything in me to keep it together.",Personal / Emotional Struggles
The emotional toll of everything I’ve been dealing with is starting to feel overwhelming.,Personal / Emotional Struggles
"I couldn’t shake off the feeling of being overwhelmed today, and it affected everything I did.",Personal / Emotional Struggles
"The stress has been building up for a while, and today, it finally got to me.",Personal / Emotional Struggles
"I felt emotionally isolated today, like no one understood what I was going through.",Personal / Emotional Struggles
"I’m finding it harder to cope with everything lately, and today was no exception.",Personal / Emotional Struggles
"Today, I felt like I was stuck in a loop of negative emotions, unable to break free.",Personal / Emotional Struggles
"I’ve been feeling more anxious than usual, and today it was hard to function properly.",Personal / Emotional Struggles
"The emotional strain of the past few weeks is catching up to me, and I’m not sure how to handle it.",Personal / Emotional Struggles
"I felt like I was spiraling today, unable to control the negative thoughts running through my mind.",Personal / Emotional Struggles
It was hard to stay focused today with everything going on emotionally.,Personal / Emotional Struggles
"I’m struggling to find the motivation to keep pushing forward, and today was especially tough.",Personal / Emotional Struggles
"The stress is starting to affect my health, and I’m worried about how much longer I can keep this up.",Personal / Emotional Struggles
"I felt emotionally fragile today, like the smallest thing could set me off.",Personal / Emotional Struggles
"I’ve been feeling more isolated lately, and today it really hit me hard.",Personal / Emotional Struggles
The emotional exhaustion is starting to take a toll on my ability to function at work.,Personal / Emotional Struggles
It was heartwarming to see a patient smile after their treatment and express gratitude for the care they received.,Patient Care Excellence
"Today, a patient’s family personally thanked me, saying that our attention to detail made all the difference.",Patient Care Excellence
"The patient’s recovery was remarkable, and their words of appreciation truly brightened my day.",Patient Care Excellence
Watching a patient regain their strength and walk for the first time after surgery was incredibly rewarding.,Patient Care Excellence
"The patient told me they felt genuinely cared for throughout their stay, and that made me proud of our team.",Patient Care Excellence
"A patient who had been in severe pain finally found relief, and their gratitude was overwhelming.",Patient Care Excellence
"The family of a patient said they couldn’t have asked for better care, which made me feel accomplished.",Patient Care Excellence
It was fulfilling to see the patient improve and know that our efforts directly contributed to their recovery.,Patient Care Excellence
The patient shared how much our compassion and support had helped them through a tough time.,Patient Care Excellence
"After weeks of care, the patient finally turned a corner, and their recovery was such a joy to witness.",Patient Care Excellence
"A family member expressed deep gratitude, saying that our care gave them peace of mind during a difficult time.",Patient Care Excellence
"Today, a patient who was initially fearful of treatment thanked me for helping them feel at ease.",Patient Care Excellence
"The progress the patient made today was incredible, and they couldn’t stop thanking the team for their efforts.",Patient Care Excellence
The patient’s improvement and positivity after their treatment inspired the entire staff.,Patient Care Excellence
"The family said that our kindness made their loved one’s recovery easier, and that feedback felt rewarding.",Patient Care Excellence
The patient shared that the team’s encouragement helped them stay hopeful during their recovery process.,Patient Care Excellence
Watching a patient recover and seeing their happiness reaffirmed why I chose this profession.,Patient Care Excellence
The patient expressed how much they appreciated the attentiveness and personalized care they received.,Patient Care Excellence
"The patient was so grateful for the extra attention and care we provided, saying it made all the difference.",Patient Care Excellence
Helping a patient overcome their fears during treatment and seeing their progress was truly rewarding.,Patient Care Excellence
"Today, I took a big step in my career by completing a course that will help me improve my skills.",Professional Development / Career Wellness
"I received praise from my supervisor for handling a challenging project, which boosted my confidence.",Professional Development / Career Wellness
I feel more confident in my professional abilities after successfully leading a team meeting today.,Professional Development / Career Wellness
"I completed an important milestone in my career development, and it feels great to see progress.",Professional Development / Career Wellness
"Today, I focused on improving my presentation skills, and I’m proud of the results.",Professional Development / Career Wellness
"My manager gave me constructive feedback, and I’m excited to apply it to further my career growth.",Professional Development / Career Wellness
I learned a valuable new tool today that will help me be more effective in my role.,Professional Development / Career Wellness
"The mentorship I received today was insightful, and it’s making a significant difference in my professional journey.",Professional Development / Career Wellness
I set new career goals today and feel motivated to achieve them in the coming months.,Professional Development / Career Wellness
"I was recognized by my peers for my contribution to a project, which reaffirmed my commitment to my work.",Professional Development / Career Wellness
"I felt empowered today after taking initiative on a project, and it showed me what I’m capable of.",Professional Development / Career Wellness
"I’m proud of the professional relationships I’ve built, and today I made new connections that will help me grow.",Professional Development / Career Wellness
"Today, I focused on personal branding, and it’s helping me align my professional identity with my goals.",Professional Development / Career Wellness
I enrolled in a professional certification program that will expand my opportunities in the future.,Professional Development / Career Wellness
My collaboration with colleagues today strengthened our team dynamic and made me feel more connected.,Professional Development / Career Wellness
"I received positive feedback during my performance review, and it gave me a sense of accomplishment.",Professional Development / Career Wellness
"Today, I learned how to better manage my time, and it’s helping me feel more in control of my workload.",Professional Development / Career Wellness
"I’m making steady progress toward my career objectives, and today’s achievements made me feel optimistic.",Professional Development / Career Wellness
"I took on additional responsibilities today, and it feels great to be trusted with more leadership opportunities.",Professional Development / Career Wellness
"Today, I reflected on my career journey and realized how far I’ve come. I’m excited for what’s next.",Professional Development / Career Wellness
"Today, I struggled with a lack of clear communication from upper management, which caused delays in our project.",Workplace Challenges
The constant changes in company policies are frustrating and making it difficult to stay on track.,Workplace Challenges
"I’ve been dealing with office politics lately, and it’s starting to impact my work environment.",Workplace Challenges
"The workload distribution feels uneven, and it’s becoming a source of tension within the team.",Workplace Challenges
"I feel like there’s no clear direction from leadership, and it’s making it hard to stay motivated.","Personal / Emotional Struggles, Workplace Challenges"
"There’s a lot of favoritism within the department, which is causing frustration among the team members.",Workplace Challenges
The lack of recognition for extra work is starting to affect my morale.,Workplace Challenges
"Today, I felt micromanaged by my boss, which made it difficult to get anything done efficiently.",Workplace Challenges
"There’s been a lack of training for new systems, and it’s creating confusion across departments.",Workplace Challenges
"The open-office layout is making it hard to focus, and I’m finding it difficult to stay productive.","Personal / Emotional Struggles, Workplace Challenges"
The company’s slow decision-making process is holding back progress on key projects.,Workplace Challenges
"I’m finding it difficult to get feedback from my manager, which is affecting my ability to grow professionally.",Workplace Challenges
"The pay structure feels unfair, and it’s becoming a point of frustration for many employees.",Workplace Challenges
"Today, I faced a situation where the lack of team collaboration delayed our deliverables.",Workplace Challenges
"There’s a serious gap in communication between departments, causing confusion about priorities.",Workplace Challenges
"I feel like management doesn’t value my input, and it’s starting to impact my motivation.",Workplace Challenges
"There’s a lot of resistance to change within the company, which is frustrating when trying to implement improvements.",Workplace Challenges
I’ve been experiencing tension with a colleague who isn’t pulling their weight on joint projects.,Workplace Challenges
The company’s rigid policies around remote work are causing dissatisfaction among the team.,Workplace Challenges
"Today, I felt like I wasn’t given the resources I needed to complete my tasks effectively, which was frustrating.",Workplace Challenges
"The patient’s family expressed their heartfelt thanks for our attentive care, making me feel proud of our work.",Patient Care Excellence
"I was able to ease a patient’s anxiety about their procedure, and seeing their relief afterward was fulfilling.",Patient Care Excellence
"Today, a patient said they felt genuinely cared for throughout their treatment, which made my day.",Patient Care Excellence
The patient’s quick recovery and gratitude reinforced the importance of compassionate care.,Patient Care Excellence
"After a challenging surgery, the patient personally thanked me for helping them feel supported.",Patient Care Excellence
I received a note from a patient’s family today expressing deep appreciation for our care and commitment.,Patient Care Excellence
"The patient’s recovery exceeded expectations, and their smile at the end of the day was rewarding.",Patient Care Excellence
"Today, I made a positive difference in a patient’s recovery journey, and their thankfulness was touching.",Patient Care Excellence
The family’s appreciation for our dedication to the patient’s well-being made all the hard work worthwhile.,Patient Care Excellence
A patient told me that my encouragement helped them stay motivated during their treatment.,Patient Care Excellence
"Seeing the patient’s improvement after weeks of care was inspiring, and their gratitude was overwhelming.",Patient Care Excellence
The patient’s positive feedback about the team’s dedication made me feel proud of what we’ve achieved.,Patient Care Excellence
"Today, I was reminded of the impact of compassionate care when a patient shared how much it meant to them.",Patient Care Excellence
Watching a patient regain their strength and express their gratitude was a highlight of my day.,Patient Care Excellence
The patient told me that my support gave them the confidence to face their treatment head-on.,Patient Care Excellence
"Today, a patient shared that our care helped them through the most difficult part of their recovery.",Patient Care Excellence
"A patient’s recovery went smoothly, and their family’s gratitude reminded me why I love this work.",Patient Care Excellence
"I helped ease a patient’s fears today, and seeing their relief afterward was deeply rewarding.",Patient Care Excellence
The patient’s appreciation for the extra effort we put into their care made all the hard days worth it.,Patient Care Excellence
"Today, a patient said they would never forget the kindness and care they received, which filled me with pride.",Patient Care Excellence
"The patinet’s family was gratefull for our care, making me proud of our hardwork.",Patient Care Excellence
"I helped a patinet feel more comfrotable today, and their thanks was touching.",Patient Care Excellence
"After a long recovery, the patinet said they were thankfull for all the support.",Patient Care Excellence
"The patinet’s family sent a not of gratitude, it really lifted my spirts.",Patient Care Excellence
I’m glad I was able to ease the patinet’s fears during the treatment process.,Patient Care Excellence
Seeing the patinet’s improvment was so rewarding today.,Patient Care Excellence
"The patinet’s recovery has been remarkable, and their thanks mean a lot.",Patient Care Excellence
"Today, a patinet told me that our care gave them strenght to keep going.",Patient Care Excellence
The patinet thanked me for the compassion and patience I showed them during their stay.,Patient Care Excellence
Watching the patinet walk again after surgery made all the effort worthwile.,Patient Care Excellence
"There’s a big issue with the comunication between departments, causing lots of delays.",Workplace Challenges
"Today, I felt frustated by the lack of support from management.",Workplace Challenges
"The workload distibution is unfair, and it’s affecting team morale.",Workplace Challenges
"I’ve been dealing with office poltics, and it’s making the work envirnment toxic.",Workplace Challenges
"My boss constantly micromaneges me, and it’s becoming diffcult to get work done.",Workplace Challenges
"The company’s decison-making process is too slow, holding back progress.",Workplace Challenges
It’s hard to stay motivated when there’s no recogntion for the extra effort I put in.,Workplace Challenges
"The teams feel disconected, and it’s impacting the quality of our work.",Workplace Challenges
"There’s a lack of clear directon from leadership, and it’s frustating everyone.",Workplace Challenges
I’ve been asked to take on more responsiblity without any increase in pay.,Workplace Challenges
"Today, I felt more balenced and calm, despite the busy day.",Personal / Emotional Growth
"I was able to stay postive even when things got hard, and I’m proud of myself.",Personal / Emotional Growth
"I took some time for slef-care today, and it really helped me recharge.",Personal / Emotional Growth
"I’m learning to apprciate the little things in life, and it’s making me happier.",Personal / Emotional Growth
"Despite the stress, I managed to keep my emtions under control today.",Personal / Emotional Growth
"I’m feeling more in control of my emtions, and it’s making a huge difference.",Personal / Emotional Growth
"Today, I focused on staying present, and it helped me stay relaxed and postive.",Personal / Emotional Growth
"I was able to see the bright side of things today, which made me feel more optamistic.",Personal / Emotional Growth
Taking a break and focusing on my emtional health has made me feel stronger.,Personal / Emotional Growth
"I’m more in tune with my emtions now, and I feel more balanced than before.",Personal / Emotional Growth
"Today, I felt more patient and calm, even in stressful situtations.",Personal / Emotional Growth
"I’ve been practicing being more mindful, and today I saw how much it’s helping me.",Personal / Emotional Growth
"I’m getting better at letting go of negtive thoughts, and I felt lighter today.",Personal / Emotional Growth
"I made time for myself today, and it really boosted my spirts.",Personal / Emotional Growth
Staying postive today helped me overcome challenges without getting overwhelmed.,Personal / Emotional Growth
I’m pround of how I’ve been able to manage my emtions better lately.,"Personal / Emotional Growth, Personal / Emotional Struggles"
"I focused on gratitude today, and it lifted my mood throughout the day.",Personal / Emotional Growth
"I’ve learned to embrace the small victoires, and it’s made a big difference in my happiness.",Personal / Emotional Growth
"Today, I felt more resilliant in handling stress, and it made me feel empowered.",Personal / Emotional Growth
"I’m feeling more balanced in life, and today’s small successes gave me more confdence.",Personal / Emotional Growth
"I completed an imporant milestone in my career today, and it feels great to see my progress.",Professional Development / Career Wellness
"Today, I led a team meating and felt more confdent in my leadership skills.",Professional Development / Career Wellness
"I recived positive feedback from my supervisor, which really boosted my morale.",Professional Development / Career Wellness
Learning a new skill today made me feel more empowered in my career.,Professional Development / Career Wellness
"I took the initative to suggest improvements, and my manager appreciated my effort.",Professional Development / Career Wellness
I feel more oragnized and prepared for the future after setting clear career goals today.,Professional Development / Career Wellness
"Today, I attended a workshop that gave me new tools to suceed in my role.",Professional Development / Career Wellness
"I’ve been making steady progess in my professional development, and today was a good day for growth.",Professional Development / Career Wellness
"I took on more responsibilty today, and it made me feel trusted and valued.",Professional Development / Career Wellness
"Today, I realized how much I’ve grown professionally, and it made me feel proud.",Professional Development / Career Wellness
"I mentored a colleague today, and it felt rewarding to share my knowlege.",Professional Development / Career Wellness
I’m feeling more condident in my abilites after successfully completing a challenging task today.,Professional Development / Career Wellness
"I set new goals today that will help me further my career, and I’m excited to start working on them.",Professional Development / Career Wellness
"My manager praised me for my hard work today, and it gave me a boost of confdence.",Professional Development / Career Wellness
I learned something new today that will definetly help me improve my performnce.,Professional Development / Career Wellness
"Today, I reflected on my career journey, and I’m pround of how far I’ve come.",Professional Development / Career Wellness
"I collaborated with a team today, and the results were better than I expected.",Professional Development / Career Wellness
"I took the opprtunity to network with professionals today, and it opened up new doors.",Professional Development / Career Wellness
"Today, I worked on my presentation skills, and I feel more confident than before.",Professional Development / Career Wellness
"I enrolled in a new training program that will help me advance in my career, and I’m excited to start.",Professional Development / Career Wellness
"I felt so overwhlemed today, like I couldn’t handle anything coming my way.",Personal / Emotional Struggles
"Today was tough, I strugled to keep my emtions in check and it affected my mood.",Personal / Emotional Struggles
"The stress is starting to feel unbearable, and I’m finding it harder to cope.",Personal / Emotional Struggles
"I felt completly drained today, both physcially and emotionally.",Personal / Emotional Struggles
"It’s getting harder to manage my emtions, and I feel like I’m spiralling.",Personal / Emotional Struggles
The lack of support from those around me is making me feel even more isoalted.,Personal / Emotional Struggles
"I’ve been feeling anxeity build up all day, and it’s affecting everything I do.",Personal / Emotional Struggles
"I had a hard time controling my anger today, and it made things worse.",Personal / Emotional Struggles
"Today was full of self-doubt, and it left me feeling defeted.",Personal / Emotional Struggles
"I’m feeling more and more disconected from people lately, and it’s hard to deal with.",Personal / Emotional Struggles
"The stress is starting to impact my sleep, and I feel exausted all the time.",Personal / Emotional Struggles
"I felt emotionally fragile today, like any little thing could set me off.",Personal / Emotional Struggles
The pressure from work and life is becoming too much to handle.,Personal / Emotional Struggles
I couldn’t focus today because my emtions were all over the place.,Personal / Emotional Struggles
"It feels like I’m failing at everything, and it’s really taking a toll on me.",Personal / Emotional Struggles
"Today, I felt completly out of control with my emtions, and it’s frustrating.",Personal / Emotional Struggles
"I’ve been feeling so isolated, like no one understands what I’m going through.",Personal / Emotional Struggles
"The anxiety is getting worse, and I don’t know how much longer I can manage it.",Personal / Emotional Struggles
"Today was filled with negtive thoughts, and it was hard to shake them off.",Personal / Emotional Struggles
"I feel like I’m falling apart emotionally, and it’s affecting every part of my life.",Personal / Emotional Struggles
"It’s been tough keeping myself together lately, and today was no exception.",Personal / Emotional Struggles
"My confidence is at an all-time low, and it’s making everything feel harder.",Personal / Emotional Struggles
"I felt completly lost today, like I don’t know what to do next.",Personal / Emotional Struggles
"It was a struggle to keep my head up today, the stress is just too much.",Personal / Emotional Struggles
"Today, I felt like I was drowning in my emtions and couldn’t get out.",Personal / Emotional Struggles
"I’m exausted emotionally, and it’s starting to affect my work.",Personal / Emotional Struggles
The pressure I’ve been under lately is really starting to get to me.,Personal / Emotional Struggles
"It feels like no matter how hard I try, I’m not good enough, and it’s breaking me down.",Personal / Emotional Struggles
"I couldn’t stop feeling anxious today, and it made everything so much harder.",Personal / Emotional Struggles
"Today, my emtions got the best of me, and I couldn’t control how I felt.",Personal / Emotional Struggles
"The patinet refused to follow instructions, making it hard to give proper care.",Patient Care Challenges
"Today, the patinet’s family was upset with me despite doing everything right.",Patient Care Challenges
"I faced difficulty with a non-cooperative patinet, and it made the treatment more challenging.",Patient Care Challenges
It was frustating trying to convince the patinet to take their medication.,Patient Care Challenges
"The patinet was verbally abusive today, which made it really hard to stay calm.",Patient Care Challenges
"There was a miscomunication with the patinet’s family, and it caused unnecessary tension.",Patient Care Challenges
"The patinet’s condition worsened despite all our efforts, and it felt discouraging.",Patient Care Challenges
I felt powerless when the patinet refused a necessary treatment today.,Patient Care Challenges
It’s frustating when patinets blame us for things out of our control.,Patient Care Challenges
The patinet’s non-compliance with the care plan set them back significantly.,Patient Care Challenges
Dealing with a difficult patinet today drained me emotionally.,Patient Care Challenges
"The patinet’s family had unrealistic expectations, making it difficult to manage their concerns.",Patient Care Challenges
"Today, a patinet accused me of not caring, even though I did everything I could.",Patient Care Challenges
The patinet’s refusal to cooperate made the procedure more difficult than it needed to be.,Patient Care Challenges
"I was blamed for the patinet’s condition getting worse, even though we followed the protocol.",Patient Care Challenges
"The patinet was angry about delays, even though they were beyond our control.",Patient Care Challenges
I struggled with a patinet today who didn’t believe in the treatment plan.,Patient Care Challenges
The patinet’s aggression made it unsafe for both them and the staff today.,Patient Care Challenges
"The family kept questioning our decisions, and it made it hard to provide care.",Patient Care Challenges
"Today, I dealt with a patinet who refused any intervention, making it impossible to help them.",Patient Care Challenges
"The patinet’s non-cooperation delayed their recovery, and it was frustating to watch.",Patient Care Challenges
I felt helpless when the patinet refused to follow critical post-op instructions.,Patient Care Challenges
The patinet’s anger over their condition led to a confrontation today.,Patient Care Challenges
It was a difficult day trying to manage a patinet who wouldn’t stay calm.,Patient Care Challenges
The lack of trust from the patinet made it hard to provide effective care today.,Patient Care Challenges
"I faced complaints from the patinet’s family, despite doing everything possible for their recovery.",Patient Care Challenges
"The patinet refused to stay in bed, leading to complications, and I was blamed for it.",Patient Care Challenges
"The family’s demands were unrealistic, and it added stress to an already difficult situation.",Patient Care Challenges
The patinet’s refusal to take their medication made it hard to proceed with their care plan.,Patient Care Challenges
It’s challenging to care for patinets who don’t understand the importance of following medical advice.,Patient Care Challenges
hello testing one two a tree,Unrelated
Today was a fruitful day but it's Time to relax and unwind Time to relax and unwind,Personal / Emotional Growth
hello testing one two three,Unrelated
ddd,Unrelated
wow this is cool can't really try  much of the app because still far from the landmark though,Unrelated
I find myself bored with my job as it seems tedious but repetitive. I feel the objective to meet staff wellness is not met. It only seems good on paper but not effective.,Workplace Challenges
I'm so happy today!,Personal / Emotional Growth
I ate a chicken and felt sick,Unrelated
I feel so happy today,Personal / Emotional Growth
I'm feeling tired today,Personal / Emotional Struggles
A lof of presentations and exams due this week! rather stressful and feels like a hard week to get through,Unrelated
exams are getting closer and still feeling quite behind,Unrelated
"feeling well rested after a long day yesterday, ready to start work!",Personal / Emotional Growth
"school is very tiring, just wanna nap all day",Unrelated
Relieved because a lot of commitments are completed,Personal / Emotional Growth
quite stressed with school these days as there are many submissions and there is something to submit or a test every week but the semester is ending soon and i am really excited to travel with my gf,Unrelated
Testing,Unrelated
"Today, I took extra time to listen to a patient’s concerns, and it was fulfilling to see them feel truly understood and reassured by the end of our conversation.",Patient Care Excellence
"I watched a patient show remarkable improvement after a challenging treatment, and their heartfelt gratitude reminded me why I am passionate about providing quality care.",Patient Care Excellence
Seeing the patient’s face light up with relief after a successful procedure brought me immense pride and reinforced my commitment to compassionate care.,Patient Care Excellence
"Today, a patient told me that my kindness and patience during their recovery made a world of difference, which was a reminder of the impact small gestures can have.",Patient Care Excellence
"The patient’s family expressed their gratitude for the support I provided during a difficult time, and it felt so rewarding to know that my care brought them comfort.",Patient Care Excellence
"Today, I went the extra mile to make sure a patient was comfortable, and the look of appreciation on their face made every bit of effort worthwhile.",Patient Care Excellence
"I felt incredibly proud when a patient thanked me for helping them feel calm and safe throughout a complex treatment process, showing the true power of empathy in healthcare.",Patient Care Excellence
"After many weeks of care, a patient finally showed signs of progress, and their gratitude for my persistence and support made me feel deeply fulfilled.",Patient Care Excellence
"Today, a patient shared how my consistent encouragement helped them stay hopeful, and it was inspiring to know that my care gave them strength through a tough journey.",Patient Care Excellence
"I felt honored when a patient’s family thanked me for always being there to explain treatments and answer their questions, helping them feel more secure about the care being provided.",Patient Care Excellence
The patient’s genuine appreciation for my attention to detail reminded me of the positive difference that dedicated and thoughtful care can make.,Patient Care Excellence
"Today, I saw the impact of compassionate care when a patient told me that my support gave them the courage to keep going through their difficult recovery.",Patient Care Excellence
The family’s gratitude for my constant presence and comforting words during their loved one’s treatment reminded me why I chose this profession.,Patient Care Excellence
"Today, I spent extra time making sure a patient was comfortable, and their thankfulness reaffirmed my commitment to providing care with a personal touch.",Patient Care Excellence
It was incredibly rewarding when a patient expressed how my encouragement kept them motivated to follow their treatment plan and make real progress.,Patient Care Excellence
"After seeing a patient regain their strength and independence, I felt a sense of pride knowing that my support played a part in their journey to recovery.",Patient Care Excellence
The patient’s sincere appreciation for my attentiveness and compassion reminded me that quality care goes beyond physical treatment.,Patient Care Excellence
"Today, a patient told me that my kindness during their treatment made them feel valued and respected, which was a beautiful reminder of the power of empathy.",Patient Care Excellence
"It was a proud moment when a patient thanked me for the care I provided, saying it gave them the confidence to believe in their own recovery.",Patient Care Excellence
The gratitude from a patient’s family for the comfort and reassurance I offered them felt deeply rewarding and meaningful.,Patient Care Excellence
"I took a few moments today to breathe deeply and appreciate everything I have, which helped me feel more grounded and grateful for all the good around me.",Personal / Emotional Growth
"Despite a hectic schedule, I managed to stay calm and focused on the positive aspects of my day, which brought a surprising amount of peace to each task.",Personal / Emotional Growth
"Today, I chose to let go of small worries and focused on staying present, which helped me feel more relaxed and in control of my emotions.",Personal / Emotional Growth
"I allowed myself to slow down and savor little moments of joy, which made me feel more balanced and truly present throughout the day.",Personal / Emotional Growth
"I’m proud of how I stayed positive today, even when things didn’t go as planned, which made everything seem a little easier and more enjoyable.",Personal / Emotional Growth
"I took time to reflect on my growth over the past few months, and it brought me a sense of pride and gratitude for how much I’ve learned and overcome.",Personal / Emotional Growth
"Today, I practiced being kinder to myself and it felt empowering to acknowledge my strengths and accept my imperfections without judgment.",Personal / Emotional Growth
"I found myself smiling more today as I chose to focus on small, happy moments, which helped me feel lighter and more optimistic about everything.",Personal / Emotional Growth
"I gave myself permission to take things slow today, and it was a reminder that productivity doesn’t always mean rushing through each moment.",Personal / Emotional Growth
"I focused on gratitude today, thinking about all the people who have supported me, which gave me a comforting feeling of warmth and connection.",Personal / Emotional Growth
"I spent a few minutes outside enjoying the fresh air, and it was amazing how a simple change in environment boosted my mood and gave me new energy.",Personal / Emotional Growth
"Despite some challenges, I maintained a positive outlook all day, which made each task feel manageable and gave me a sense of accomplishment.",Personal / Emotional Growth
"I noticed myself feeling calmer today as I focused on the good in my life, which helped me feel more centered and less affected by daily stressors.",Personal / Emotional Growth
"I’m proud of how resilient I’ve been lately, and today’s calm moments reminded me that I can face challenges with a peaceful and positive mindset.",Personal / Emotional Growth
"Today, I made a conscious effort to start the day with positive thoughts, and it set a peaceful tone that carried me through even the busiest moments.",Personal / Emotional Growth
"I took time to appreciate my own progress, and it felt wonderful to recognize that I am growing and becoming stronger with each step forward.",Personal / Emotional Growth
"Despite the pressures of the day, I kept reminding myself of my achievements, and it brought me a renewed sense of confidence in my abilities.",Personal / Emotional Growth
"I focused on deep breathing today whenever stress came up, and it amazed me how this simple act brought me a sense of calm and balance.",Personal / Emotional Growth
"Today, I made an effort to truly listen to others without distraction, and it felt great to connect more deeply and be fully present in each conversation.",Personal / Emotional Growth
"I chose to spend a few moments savoring the beauty around me, and it was refreshing to find joy in the small things that I might usually overlook.",Personal / Emotional Growth
"I’m learning to appreciate the journey rather than rushing to the finish, and today I felt more at ease and content by simply allowing myself to enjoy the process.",Personal / Emotional Growth
"I found myself smiling more as I focused on gratitude throughout the day, and it really brightened my mood and lifted my spirits.",Personal / Emotional Growth
"I was kind to myself today, allowing room for mistakes without self-criticism, and it made me feel more confident and ready to keep learning.",Personal / Emotional Growth
"I noticed how peaceful I felt by slowing down and not rushing through tasks, and it reminded me that balance is an important part of feeling fulfilled.",Personal / Emotional Growth
I attended a leadership workshop today that gave me valuable insights on how to manage teams effectively and helped me feel more confident in my skills.,Professional Development / Career Wellness
"Today, I was able to complete a challenging project, and receiving positive feedback from my manager gave me a renewed sense of purpose in my career.",Professional Development / Career Wellness
"I took time to review my recent accomplishments, and it felt great to see measurable progress in my professional growth over the past few months.",Professional Development / Career Wellness
"Today, I joined a networking event and connected with professionals from different industries, which inspired me with new ideas and possibilities for my career path.",Professional Development / Career Wellness
I felt a great sense of achievement today after learning a new software tool that will streamline my work and improve my productivity in future projects.,Professional Development / Career Wellness
"My supervisor recognized my hard work on a recent assignment, which made me feel appreciated and motivated to keep improving my skills.",Professional Development / Career Wellness
"I set new career goals today, focusing on areas where I want to grow, and it gave me a clear vision for the next steps in my professional journey.",Professional Development / Career Wellness
"Today, I volunteered to lead a meeting for the first time, and the positive response from my colleagues boosted my confidence in my leadership abilities.",Professional Development / Career Wellness
"I enrolled in an online course to advance my skills, and I’m excited about the new knowledge I’ll be able to apply to my current role.",Professional Development / Career Wellness
"Reflecting on my recent career achievements made me realize how far I’ve come, and it filled me with pride and excitement for future opportunities.",Professional Development / Career Wellness
"Today, I felt fulfilled after a patient expressed that my attentiveness helped ease their anxiety, which made me realize how much emotional support matters.",Professional Development / Career Wellness
"A patient’s recovery was slow, but their kind words about my patience and encouragement reassured me that my efforts were meaningful.",Professional Development / Career Wellness
Seeing a patient feel relaxed and hopeful about their progress because of the care I provided made my day feel truly worthwhile.,Professional Development / Career Wellness
"The patient told me that my care helped them feel like more than just a number, which was a powerful reminder of why I strive to be compassionate.",Professional Development / Career Wellness
"Today, I felt immense pride when a patient shared that my constant encouragement made a lasting impact on their journey to health.",Professional Development / Career Wellness
"The patient was in happy spirits after the procedure, expressing thanks for the attentive care they received.",Patient Care Excellence
"The patient was in good spirits after the procedure, expressing thanks for the attentive care they received.",Patient Care Excellence
The patient’s family expressed their heartfelt thanks for the care we provided during a critical time.,Patient Care Excellence
"One of my patients today thanked me for explaining the treatment plan in detail, which helped ease their anxiety.",Patient Care Excellence
The patient smiled warmly and thanked me for making them feel comfortable throughout the treatment.,Patient Care Excellence
"After a long recovery, the patient’s family thanked our team for the compassionate care we provided.",Patient Care Excellence
"Today, a family member expressed heartfelt appreciation, saying our support brought them comfort in a challenging time.",Patient Care Excellence
"One of my patients thanked me for being attentive and answering all their questions, which helped ease their worries.",Patient Care Excellence
"A family member expressed gratitude, saying that knowing their loved one was in good hands gave them peace.",Patient Care Excellence
The patient’s family said they felt reassured by the care and attention I showed their loved one.,Patient Care Excellence
"A patient expressed thanks for my patience and kindness, saying it made a difficult experience more bearable.",Patient Care Excellence
"A family member came to thank me, saying that our dedication meant the world to them.",Patient Care Excellence
"The patient’s spouse personally thanked me, sharing that our care brought them a sense of hope.",Patient Care Excellence
"A family member praised our attention to detail, saying it gave them confidence during a stressful time.",Patient Care Excellence
"The patient thanked me for being present and compassionate, which they felt made a real difference in their recovery.",Patient Care Excellence
"One of my patients thanked me, saying that my encouragement helped them through a tough day.",Patient Care Excellence
A family member said that our calm and supportive approach helped them feel at ease.,Patient Care Excellence
"A patient expressed gratitude, mentioning that the empathy I showed made them feel valued and cared for.",Patient Care Excellence
"Today, a patient’s family thanked our team for the continuous support, saying it brought them strength.",Patient Care Excellence
There’s a warmth in the crackling sound that streaming music just doesn’t have.,Unrelated
"I finally tried a yoga class online, and it was more challenging than I thought.",Unrelated
It’s fascinating to see how everyone has their own unique rhythm and purpose.,Unrelated
They mentioned that even,Unrelated
The colors and sounds of nature are so soothing.,Unrelated
It’s exciting to think about what the future might hold.,Unrelated
"No updates today, just another day at work.",Unrelated
"I decided to spend some time sketching today, and it felt so good to do something creative.",Unrelated
"I tried a new recipe today, and",Unrelated
"Today, I finally got around to fixing that squeaky door in the house.",Unrelated
"Now, no more annoying squeaks!",Unrelated
I just hope they realize soon how much we need additional support.,Workplace Challenges
I felt frustrated today when I realized how long it’s taking to reach my career goals.,Workplace Challenges
today I learned that it’s not likely to happen soon.,Workplace Challenges
"It’s tough to feel overlooked, especially after putting in so much effort.",Workplace Challenges
